Date,Time,Crime_Type,Latitude,Longitude,Address,District,Description,Status,Response_Time_Minutes
2025-11-05,08:56,Traffic Violation,28.633662,77.220077,Dwarka,Delhi,Traffic rules violation captured,Resolved,7.3
2025-11-29,19:19,Traffic Violation,17.396742,78.489143,Hitech City,Hyderabad,Traffic rules violation captured,Active,7.8
2025-11-29,21:39,Assault,17.354610,78.498928,Madhapur,Hyderabad,Physical altercation between individuals,Closed,10.6
2025-11-27,20:09,Robbery,17.416253,78.466444,Charminar,Hyderabad,Street robbery near public area,Active,9.8
2025-11-25,10:53,Property Crime,22.600107,88.399241,Park Street,Kolkata,Non-violent property related incident,Active,9.5
2025-11-06,23:59,Assault,12.992372,77.609571,Indiranagar,Bengaluru,Physical altercation between individuals,Closed,11
2025-11-28,11:33,Property Crime,18.498099,73.893496,Shivajinagar,Pune,Non-violent property related incident,Resolved,10
2025-11-15,20:25,Traffic Violation,28.589680,77.181482,Dwarka,Delhi,Traffic rules violation captured,Resolved,7.7
2025-11-03,20:41,Robbery,22.532856,88.358354,Salt Lake,Kolkata,Street robbery near public area,Active,11.8
2025-11-24,12:31,Burglary,28.626672,77.195263,Connaught Place,Delhi,Breaking and entering into residential property,Resolved,9.2
2025-11-08,14:08,Burglary,13.056442,80.290798,Anna Nagar,Chennai,Breaking and entering into residential property,Resolved,8
2025-11-18,22:19,Assault,18.525353,73.832636,Shivajinagar,Pune,Physical altercation between individuals,Closed,10
2025-11-27,20:53,Robbery,17.374278,78.510166,Kukatpally,Hyderabad,Street robbery near public area,Active,10.7
2025-11-22,07:33,Traffic Violation,13.005280,77.566505,Indiranagar,Bengaluru,Traffic rules violation captured,Active,9.3
2025-11-03,10:38,Property Crime,28.584299,77.198483,Saket,Delhi,Non-violent property related incident,Closed,8.8
2025-11-04,16:26,Burglary,18.510479,73.865568,Camp,Pune,Breaking and entering into residential property,Resolved,9.8
2025-11-07,23:06,Drug Offense,22.545217,88.327517,Alipore,Kolkata,Possession or distribution case,Active,9.6
2025-11-04,13:33,Burglary,17.391841,78.517337,Madhapur,Hyderabad,Breaking and entering into residential property,Closed,9.1
2025-11-30,11:55,Property Crime,19.106209,72.905178,Dadar,Mumbai,Non-violent property related incident,Active,8.3
2025-11-28,09:11,Traffic Violation,18.499407,73.853444,Hadapsar,Pune,Traffic rules violation captured,Resolved,7.4
2025-11-05,08:47,Traffic Violation,19.110404,72.890894,Thane West,Mumbai,Traffic rules violation captured,Active,7.2
2025-11-27,12:39,Vandalism,17.381882,78.490502,Gachibowli,Hyderabad,Damage to public or private property,Active,10.2
2025-11-11,21:40,Robbery,12.982467,77.628261,Yeshwanthpur,Bengaluru,Street robbery near public area,Active,10.8
2025-11-16,10:18,Vandalism,18.521549,73.883866,Baner,Pune,Damage to public or private property,Resolved,8.8
2025-11-22,23:13,Drug Offense,22.995559,72.602534,Ellis Bridge,Ahmedabad,Possession or distribution case,Active,9.3
2025-11-12,11:03,Property Crime,22.557525,88.388463,Salt Lake,Kolkata,Non-violent property related incident,Active,8.9
2025-11-30,23:02,Robbery,17.412269,78.518039,Banjara Hills,Hyderabad,Street robbery near public area,Resolved,8.9
2025-11-04,22:46,Robbery,22.996273,72.573423,Maninagar,Ahmedabad,Street robbery near public area,Active,11.7
2025-11-15,14:35,Property Crime,18.490557,73.875132,Hadapsar,Pune,Non-violent property related incident,Active,9.1
2025-11-30,23:26,Robbery,19.082260,72.917624,Dadar,Mumbai,Street robbery near public area,Active,9.8
2025-11-07,16:04,Theft,13.109729,80.298032,Velachery,Chennai,Theft of personal belongings reported,Resolved,10
2025-11-29,12:46,Property Crime,28.651224,77.192166,Saket,Delhi,Non-violent property related incident,Active,8.8
2025-11-22,18:19,Traffic Violation,28.613587,77.243500,MG Road,Delhi,Traffic rules violation captured,Resolved,7.3
2025-11-30,15:44,Theft,28.596136,77.185701,MG Road,Delhi,Theft of personal belongings reported,Active,9.6
2025-11-18,15:51,Theft,13.101738,80.283229,Anna Nagar,Chennai,Theft of personal belongings reported,Closed,8.5
2025-11-08,00:50,Drug Offense,22.569484,88.388197,Salt Lake,Kolkata,Possession or distribution case,Active,9.1
2025-11-25,11:11,Vandalism,12.996246,77.604023,Indiranagar,Bengaluru,Damage to public or private property,Resolved,9
2025-11-24,13:18,Property Crime,28.623416,77.216330,Saket,Delhi,Non-violent property related incident,Resolved,9.3
2025-12-02,01:34,Drug Offense,28.613746,77.183959,Connaught Place,Delhi,Possession or distribution case,Active,9.6
2025-11-10,20:20,Traffic Violation,18.500430,73.832939,Hadapsar,Pune,Traffic rules violation captured,Active,8.4
2025-11-17,08:27,Traffic Violation,18.500408,73.868707,PCMC,Pune,Traffic rules violation captured,Active,9.3
2025-11-08,23:43,Assault,12.953670,77.615980,Whitefield,Bengaluru,Physical altercation between individuals,Closed,10.9
2025-11-14,18:31,Traffic Violation,12.941363,77.590131,Yeshwanthpur,Bengaluru,Traffic rules violation captured,Resolved,6.4
2025-11-03,14:02,Property Crime,13.106342,80.275974,Tambaram,Chennai,Non-violent property related incident,Active,10.7
2025-11-26,16:18,Theft,19.090369,72.915593,Borivali,Mumbai,Theft of personal belongings reported,Active,7.7
2025-11-03,11:09,Burglary,22.576857,88.398945,Park Street,Kolkata,Breaking and entering into residential property,Active,10.5
2025-11-24,01:15,Robbery,18.550418,73.869186,Camp,Pune,Street robbery near public area,Active,12.4
2025-11-20,20:01,Traffic Violation,22.549614,88.367455,Salt Lake,Kolkata,Traffic rules violation captured,Resolved,7.4
2025-11-07,13:27,Burglary,19.106449,72.900600,Colaba,Mumbai,Breaking and entering into residential property,Active,9.3
2025-11-16,09:21,Traffic Violation,28.600717,77.205909,Noida Sector 18,Delhi,Traffic rules violation captured,Resolved,6.4
2025-11-03,07:14,Traffic Violation,18.508917,73.838808,Viman Nagar,Pune,Traffic rules violation captured,Active,8.1
2025-11-30,23:54,Drug Offense,12.933340,77.575434,Indiranagar,Bengaluru,Possession or distribution case,Resolved,9.7
2025-11-06,07:14,Traffic Violation,22.602346,88.338285,Dum Dum,Kolkata,Traffic rules violation captured,Resolved,7.2
2025-11-22,08:49,Traffic Violation,17.366619,78.484217,Hitech City,Hyderabad,Traffic rules violation captured,Resolved,6.6
2025-11-20,23:45,Drug Offense,18.534032,73.858654,Baner,Pune,Possession or distribution case,Active,9.8
2025-11-25,15:10,Theft,22.989046,72.578561,Chandkheda,Ahmedabad,Theft of personal belongings reported,Resolved,8.3
2025-11-18,09:29,Traffic Violation,12.977494,77.627278,Indiranagar,Bengaluru,Traffic rules violation captured,Resolved,7.7
2025-11-09,20:58,Robbery,18.556364,73.855003,Baner,Pune,Street robbery near public area,Closed,11.5
2025-11-18,21:42,Assault,22.549568,88.353628,Dum Dum,Kolkata,Physical altercation between individuals,Active,11.7
2025-11-30,10:17,Vandalism,23.034266,72.536220,Ellis Bridge,Ahmedabad,Damage to public or private property,Active,9
2025-11-04,17:54,Traffic Violation,23.029168,72.569514,Maninagar,Ahmedabad,Traffic rules violation captured,Active,9.4
2025-11-26,15:14,Vandalism,19.085887,72.862972,Dadar,Mumbai,Damage to public or private property,Resolved,8.6
2025-12-01,02:58,Drug Offense,22.578693,88.332104,Park Street,Kolkata,Possession or distribution case,Closed,8
2025-11-04,14:39,Property Crime,13.106995,80.288337,Velachery,Chennai,Non-violent property related incident,Active,9.3
2025-11-13,14:20,Burglary,18.560048,73.820140,Viman Nagar,Pune,Breaking and entering into residential property,Active,9.8
2025-11-25,13:07,Theft,18.522995,73.826516,Shivajinagar,Pune,Theft of personal belongings reported,Active,11.5
2025-11-22,12:20,Theft,17.360875,78.472927,Madhapur,Hyderabad,Theft of personal belongings reported,Closed,8.5
2025-11-26,22:20,Assault,13.110070,80.255712,T. Nagar,Chennai,Physical altercation between individuals,Closed,8.9
2025-11-12,11:41,Theft,28.630442,77.178473,Rohini,Delhi,Theft of personal belongings reported,Active,9.5
2025-11-26,22:42,Assault,19.100382,72.879038,Colaba,Mumbai,Physical altercation between individuals,Active,10.7
2025-11-17,07:29,Traffic Violation,28.577436,77.197370,Rohini,Delhi,Traffic rules violation captured,Active,7.1
2025-12-02,08:33,Traffic Violation,13.121972,80.239811,Guindy,Chennai,Traffic rules violation captured,Active,9.9
2025-11-08,22:10,Drug Offense,18.486022,73.892449,Viman Nagar,Pune,Possession or distribution case,Resolved,7.9
2025-11-19,21:14,Drug Offense,17.391663,78.470201,Kukatpally,Hyderabad,Possession or distribution case,Closed,9.3
2025-11-10,21:06,Drug Offense,18.498370,73.873252,Camp,Pune,Possession or distribution case,Active,9.1
2025-11-21,07:17,Traffic Violation,17.356697,78.469928,Charminar,Hyderabad,Traffic rules violation captured,Active,7.7
2025-11-15,13:17,Vandalism,23.038380,72.606433,SG Highway,Ahmedabad,Damage to public or private property,Active,10.1
2025-11-22,15:47,Burglary,22.594585,88.370170,Salt Lake,Kolkata,Breaking and entering into residential property,Active,9.5
2025-11-22,16:02,Property Crime,13.085018,80.249917,Adyar,Chennai,Non-violent property related incident,Active,11.1
2025-11-12,23:06,Robbery,22.566701,88.395517,Ballygunge,Kolkata,Street robbery near public area,Active,10.3
2025-11-20,22:05,Robbery,19.098530,72.909982,Juhu,Mumbai,Street robbery near public area,Active,10.2
2025-11-30,13:40,Burglary,18.531526,73.891231,Koregaon Park,Pune,Breaking and entering into residential property,Active,10.6
2025-11-23,20:36,Assault,19.050480,72.884461,Borivali,Mumbai,Physical altercation between individuals,Active,10
2025-11-30,22:32,Assault,28.618641,77.239476,Rohini,Delhi,Physical altercation between individuals,Active,11.1
2025-11-12,17:31,Traffic Violation,17.371226,78.447065,Banjara Hills,Hyderabad,Traffic rules violation captured,Resolved,7.8
2025-11-15,12:02,Burglary,17.403461,78.489449,Gachibowli,Hyderabad,Breaking and entering into residential property,Active,9.2
2025-11-07,15:46,Burglary,13.073027,80.240788,T. Nagar,Chennai,Breaking and entering into residential property,Active,10
2025-12-02,10:35,Burglary,22.553997,88.396618,Alipore,Kolkata,Breaking and entering into residential property,Active,10.6
2025-11-04,00:43,Robbery,12.995748,77.580505,MG Road,Bengaluru,Street robbery near public area,Active,10.5
2025-11-20,20:00,Assault,12.979101,77.570329,Electronic City,Bengaluru,Physical altercation between individuals,Active,10.4
2025-11-18,15:22,Property Crime,12.948039,77.633600,Koramangala,Bengaluru,Non-violent property related incident,Active,10.4
2025-11-08,13:15,Theft,13.054794,80.285637,Anna Nagar,Chennai,Theft of personal belongings reported,Active,10.2
2025-11-16,00:02,Robbery,23.052301,72.608657,Chandkheda,Ahmedabad,Street robbery near public area,Active,10.8
2025-11-22,23:58,Assault,19.113449,72.866210,Juhu,Mumbai,Physical altercation between individuals,Active,11.2
2025-11-29,15:34,Vandalism,12.952639,77.555373,Yeshwanthpur,Bengaluru,Damage to public or private property,Resolved,7.6
2025-11-15,00:10,Assault,22.600033,88.341505,Dum Dum,Kolkata,Physical altercation between individuals,Active,9.8
2025-11-06,11:01,Theft,22.552042,88.352843,Dum Dum,Kolkata,Theft of personal belongings reported,Active,10
2025-11-12,11:49,Vandalism,13.046315,80.270003,Velachery,Chennai,Damage to public or private property,Closed,9
2025-11-25,10:48,Vandalism,18.539132,73.860292,Kothrud,Pune,Damage to public or private property,Resolved,9.6
2025-11-14,22:46,Robbery,28.617598,77.247611,Dwarka,Delhi,Street robbery near public area,Active,11.3
2025-11-27,18:25,Traffic Violation,13.074436,80.260396,Guindy,Chennai,Traffic rules violation captured,Resolved,8.9
2025-11-20,19:18,Traffic Violation,22.992199,72.584216,Navrangpura,Ahmedabad,Traffic rules violation captured,Active,10.3
2025-11-03,23:28,Robbery,12.968323,77.562570,Whitefield,Bengaluru,Street robbery near public area,Resolved,9.3
2025-11-10,19:22,Traffic Violation,19.044885,72.856604,BKC,Mumbai,Traffic rules violation captured,Active,7.7
2025-11-06,16:37,Vandalism,17.377838,78.526563,Gachibowli,Hyderabad,Damage to public or private property,Active,10.3
2025-11-22,12:27,Theft,28.592449,77.179972,Noida Sector 18,Delhi,Theft of personal belongings reported,Closed,7.9
2025-11-21,00:48,Drug Offense,19.084784,72.841694,Colaba,Mumbai,Possession or distribution case,Closed,7.3
2025-11-29,11:18,Burglary,12.953573,77.575572,HSR Layout,Bengaluru,Breaking and entering into residential property,Active,9.3
2025-11-24,11:08,Property Crime,22.998510,72.576844,Sabarmati,Ahmedabad,Non-violent property related incident,Active,10.8
2025-11-13,10:58,Theft,18.529308,73.857869,Viman Nagar,Pune,Theft of personal belongings reported,Active,9.8
2025-11-19,23:05,Robbery,28.630860,77.228090,Noida Sector 18,Delhi,Street robbery near public area,Active,11
2025-11-13,07:13,Traffic Violation,19.073579,72.866656,Andheri,Mumbai,Traffic rules violation captured,Closed,6.7
2025-11-17,21:12,Assault,22.559527,88.374423,Dum Dum,Kolkata,Physical altercation between individuals,Closed,10
2025-11-23,09:49,Traffic Violation,19.063175,72.889068,Juhu,Mumbai,Traffic rules violation captured,Active,8
2025-11-06,14:53,Theft,19.083816,72.863781,Borivali,Mumbai,Theft of personal belongings reported,Resolved,7.2
2025-11-26,10:48,Burglary,12.952612,77.600756,Electronic City,Bengaluru,Breaking and entering into residential property,Resolved,9.3
2025-11-13,00:45,Drug Offense,22.564638,88.324344,New Market,Kolkata,Possession or distribution case,Resolved,7.2
2025-11-26,02:41,Drug Offense,12.950800,77.587809,MG Road,Bengaluru,Possession or distribution case,Active,10.4
2025-11-22,14:38,Burglary,13.102220,80.282765,Egmore,Chennai,Breaking and entering into residential property,Resolved,10
2025-11-04,22:30,Robbery,23.049410,72.593122,SG Highway,Ahmedabad,Street robbery near public area,Active,10.2
2025-11-29,08:47,Traffic Violation,22.611924,88.378472,Howrah,Kolkata,Traffic rules violation captured,Resolved,6.2
2025-11-07,08:10,Traffic Violation,17.414923,78.525700,Gachibowli,Hyderabad,Traffic rules violation captured,Closed,7.2
2025-11-08,13:33,Theft,19.102709,72.851277,Thane West,Mumbai,Theft of personal belongings reported,Active,7.8
2025-11-20,00:09,Assault,22.567099,88.361136,Dum Dum,Kolkata,Physical altercation between individuals,Active,10.4
2025-11-30,21:10,Robbery,13.061078,80.256714,Adyar,Chennai,Street robbery near public area,Active,11
2025-11-07,16:00,Burglary,23.014514,72.551619,Bopal,Ahmedabad,Breaking and entering into residential property,Active,10.3
2025-12-02,14:28,Burglary,22.566955,88.328840,New Market,Kolkata,Breaking and entering into residential property,Resolved,7.9
2025-11-22,12:15,Property Crime,18.511150,73.825589,Kothrud,Pune,Non-violent property related incident,Resolved,8.4
2025-11-24,14:41,Property Crime,18.516174,73.840144,Kothrud,Pune,Non-violent property related incident,Resolved,8.9
2025-11-13,21:54,Drug Offense,13.059469,80.307899,Egmore,Chennai,Possession or distribution case,Active,9.4
2025-11-08,02:12,Drug Offense,12.952717,77.627955,Indiranagar,Bengaluru,Possession or distribution case,Active,10.5
2025-11-06,17:26,Traffic Violation,18.490691,73.835698,Hadapsar,Pune,Traffic rules violation captured,Closed,8.9
2025-11-20,16:39,Vandalism,17.361920,78.515193,Banjara Hills,Hyderabad,Damage to public or private property,Closed,9.1
2025-11-19,22:56,Drug Offense,13.111178,80.293769,Anna Nagar,Chennai,Possession or distribution case,Resolved,8.8
2025-11-30,17:08,Traffic Violation,17.385313,78.449437,Charminar,Hyderabad,Traffic rules violation captured,Resolved,7.7
2025-11-19,01:20,Drug Offense,28.635637,77.171336,Saket,Delhi,Possession or distribution case,Active,10
2025-11-16,22:47,Robbery,19.085775,72.841738,Dadar,Mumbai,Street robbery near public area,Resolved,8.3
2025-11-05,15:26,Theft,22.590407,88.374649,Salt Lake,Kolkata,Theft of personal belongings reported,Resolved,7.2
2025-11-08,00:14,Assault,19.040790,72.900820,Borivali,Mumbai,Physical altercation between individuals,Active,8.9
2025-11-11,12:51,Property Crime,12.993177,77.557151,MG Road,Bengaluru,Non-violent property related incident,Closed,9.3
2025-11-27,12:12,Theft,22.989846,72.573593,Navrangpura,Ahmedabad,Theft of personal belongings reported,Active,9.9
2025-11-29,01:05,Assault,19.068224,72.915742,BKC,Mumbai,Physical altercation between individuals,Resolved,8.8
2025-11-16,19:39,Traffic Violation,28.582658,77.246251,Saket,Delhi,Traffic rules violation captured,Active,7.3
2025-11-24,02:49,Drug Offense,22.991741,72.569617,Vastrapur,Ahmedabad,Possession or distribution case,Active,9.8
2025-11-15,22:29,Robbery,28.618967,77.201095,Connaught Place,Delhi,Street robbery near public area,Closed,10.5
2025-11-18,19:02,Traffic Violation,13.002225,77.620726,Electronic City,Bengaluru,Traffic rules violation captured,Resolved,8.6
2025-11-15,08:54,Traffic Violation,13.090242,80.264398,Anna Nagar,Chennai,Traffic rules violation captured,Active,9.4
2025-11-17,07:06,Traffic Violation,13.049856,80.245065,Anna Nagar,Chennai,Traffic rules violation captured,Active,8
2025-11-12,23:33,Assault,17.406782,78.451544,Gachibowli,Hyderabad,Physical altercation between individuals,Resolved,8.5
2025-11-11,12:21,Vandalism,13.110641,80.294318,Adyar,Chennai,Damage to public or private property,Active,9.9
2025-11-24,23:47,Drug Offense,22.585472,88.395671,Park Street,Kolkata,Possession or distribution case,Closed,9.3
2025-11-10,10:30,Property Crime,22.605058,88.397872,Alipore,Kolkata,Non-violent property related incident,Active,10.1
2025-11-06,13:24,Vandalism,18.511015,73.837603,Viman Nagar,Pune,Damage to public or private property,Active,9.1
2025-11-21,23:50,Robbery,22.595865,88.350127,Howrah,Kolkata,Street robbery near public area,Active,10.8
2025-11-16,21:10,Robbery,17.374779,78.458471,Kukatpally,Hyderabad,Street robbery near public area,Active,10.3
2025-11-28,13:50,Vandalism,18.524890,73.850580,PCMC,Pune,Damage to public or private property,Resolved,8.6
2025-11-11,16:54,Theft,22.542286,88.346761,New Market,Kolkata,Theft of personal belongings reported,Resolved,7.2
2025-11-28,11:01,Burglary,22.546538,88.369714,Ballygunge,Kolkata,Breaking and entering into residential property,Active,10.4
2025-11-23,20:37,Robbery,19.042015,72.862951,BKC,Mumbai,Street robbery near public area,Active,9.2
2025-11-04,09:39,Traffic Violation,18.481298,73.845905,Kothrud,Pune,Traffic rules violation captured,Resolved,7
2025-11-22,17:41,Traffic Violation,13.113578,80.301794,Anna Nagar,Chennai,Traffic rules violation captured,Closed,8.7
2025-11-07,02:28,Drug Offense,13.007296,77.605914,Whitefield,Bengaluru,Possession or distribution case,Active,10.2
2025-11-11,15:11,Property Crime,22.596710,88.375641,Ballygunge,Kolkata,Non-violent property related incident,Closed,9.1
2025-11-18,22:29,Robbery,12.978736,77.555005,Koramangala,Bengaluru,Street robbery near public area,Active,10.4
2025-11-24,18:34,Traffic Violation,13.103740,80.292833,Anna Nagar,Chennai,Traffic rules violation captured,Active,7.8
2025-11-12,15:40,Theft,13.118552,80.255278,Egmore,Chennai,Theft of personal belongings reported,Active,8.8
2025-11-19,17:39,Traffic Violation,22.606081,88.383971,Salt Lake,Kolkata,Traffic rules violation captured,Resolved,6.9
2025-11-23,23:44,Drug Offense,18.499756,73.818876,Baner,Pune,Possession or distribution case,Active,10
2025-11-30,18:50,Traffic Violation,22.546451,88.334588,Alipore,Kolkata,Traffic rules violation captured,Active,8.5
2025-11-06,23:10,Robbery,12.933605,77.581277,HSR Layout,Bengaluru,Street robbery near public area,Active,10.2
2025-11-20,14:16,Property Crime,13.065306,80.260396,Tambaram,Chennai,Non-violent property related incident,Closed,7.8
2025-11-06,21:15,Drug Offense,19.072400,72.847200,Colaba,Mumbai,Possession or distribution case,Active,9.8
2025-11-06,14:28,Theft,23.010117,72.597004,Chandkheda,Ahmedabad,Theft of personal belongings reported,Resolved,10
2025-11-28,22:13,Assault,28.579399,77.213001,Connaught Place,Delhi,Physical altercation between individuals,Active,10.9
2025-11-17,19:07,Traffic Violation,19.102599,72.892959,Borivali,Mumbai,Traffic rules violation captured,Resolved,6.2
2025-11-28,10:03,Property Crime,22.999700,72.579651,Chandkheda,Ahmedabad,Non-violent property related incident,Active,11.3
2025-11-15,14:11,Burglary,28.599371,77.230514,MG Road,Delhi,Breaking and entering into residential property,Closed,7.2
2025-12-02,00:51,Robbery,13.060864,80.259515,Anna Nagar,Chennai,Street robbery near public area,Active,12.4
2025-11-06,17:47,Traffic Violation,22.581842,88.389862,Park Street,Kolkata,Traffic rules violation captured,Active,8.2
2025-11-25,12:41,Burglary,17.407194,78.479532,Charminar,Hyderabad,Breaking and entering into residential property,Active,10.6
2025-11-03,23:18,Assault,28.650490,77.178356,Connaught Place,Delhi,Physical altercation between individuals,Closed,8.6
2025-11-22,07:31,Traffic Violation,12.956457,77.580614,Malleshwaram,Bengaluru,Traffic rules violation captured,Active,8.5
2025-11-25,11:49,Vandalism,13.003914,77.575170,HSR Layout,Bengaluru,Damage to public or private property,Resolved,9.4
2025-11-24,09:33,Traffic Violation,28.639969,77.220195,Noida Sector 18,Delhi,Traffic rules violation captured,Active,9
2025-11-16,11:21,Vandalism,18.554971,73.882088,Shivajinagar,Pune,Damage to public or private property,Closed,10.1
2025-11-17,20:19,Traffic Violation,22.591810,88.324751,Salt Lake,Kolkata,Traffic rules violation captured,Resolved,7.8
2025-11-19,21:39,Assault,28.589163,77.170130,Saket,Delhi,Physical altercation between individuals,Active,10.4
2025-11-26,16:50,Vandalism,13.056534,80.292349,Egmore,Chennai,Damage to public or private property,Active,10.6
2025-11-05,15:14,Vandalism,22.566250,88.338316,Salt Lake,Kolkata,Damage to public or private property,Resolved,8.7
2025-11-29,15:17,Burglary,13.081614,80.249441,Nungambakkam,Chennai,Breaking and entering into residential property,Resolved,8.4
2025-11-12,07:30,Traffic Violation,23.030548,72.547127,Navrangpura,Ahmedabad,Traffic rules violation captured,Active,10
2025-11-11,09:20,Traffic Violation,28.645460,77.175608,MG Road,Delhi,Traffic rules violation captured,Resolved,7.1
2025-12-01,18:36,Traffic Violation,22.992356,72.533730,Vastrapur,Ahmedabad,Traffic rules violation captured,Active,9.1
2025-11-20,14:09,Vandalism,13.093979,80.293055,Tambaram,Chennai,Damage to public or private property,Active,11.1
2025-11-04,00:44,Robbery,19.076570,72.895943,Thane West,Mumbai,Street robbery near public area,Closed,9.5
2025-11-26,21:20,Robbery,13.052819,80.248907,Guindy,Chennai,Street robbery near public area,Active,11.3
2025-11-23,10:12,Property Crime,18.527136,73.869774,PCMC,Pune,Non-violent property related incident,Resolved,8
2025-11-12,10:57,Property Crime,28.589598,77.210934,Rohini,Delhi,Non-violent property related incident,Closed,7.4
2025-11-08,23:47,Robbery,12.942928,77.606580,Malleshwaram,Bengaluru,Street robbery near public area,Closed,8.9
2025-11-06,22:11,Drug Offense,12.932289,77.624653,Yeshwanthpur,Bengaluru,Possession or distribution case,Active,9.3
2025-11-28,14:45,Vandalism,22.984555,72.544232,Ellis Bridge,Ahmedabad,Damage to public or private property,Active,11.2
2025-11-16,19:49,Traffic Violation,12.986886,77.584324,Electronic City,Bengaluru,Traffic rules violation captured,Active,10
2025-11-27,13:36,Property Crime,18.551347,73.847512,Viman Nagar,Pune,Non-violent property related incident,Active,9.3
2025-11-14,22:08,Assault,19.054127,72.905396,Dadar,Mumbai,Physical altercation between individuals,Active,9.9
2025-11-22,12:39,Vandalism,28.644341,77.215365,Hauz Khas,Delhi,Damage to public or private property,Active,10.4
2025-12-02,10:49,Property Crime,19.114481,72.873235,Borivali,Mumbai,Non-violent property related incident,Closed,7.5
2025-11-28,09:28,Traffic Violation,28.579455,77.212185,Connaught Place,Delhi,Traffic rules violation captured,Resolved,6
2025-12-02,14:38,Burglary,19.113677,72.847965,Andheri,Mumbai,Breaking and entering into residential property,Active,8.8
2025-11-14,14:13,Property Crime,12.945721,77.610138,Whitefield,Bengaluru,Non-violent property related incident,Resolved,9.5
2025-11-30,01:31,Assault,19.050353,72.908272,Dadar,Mumbai,Physical altercation between individuals,Active,10.7
2025-11-22,10:41,Burglary,19.066915,72.839774,Colaba,Mumbai,Breaking and entering into residential property,Active,8.1
2025-11-18,08:47,Traffic Violation,13.075304,80.261194,Adyar,Chennai,Traffic rules violation captured,Active,9.6
2025-11-13,21:07,Drug Offense,17.401454,78.503102,Gachibowli,Hyderabad,Possession or distribution case,Active,10.1
2025-11-21,18:03,Traffic Violation,13.094771,80.278641,T. Nagar,Chennai,Traffic rules violation captured,Closed,7.9
2025-11-07,11:13,Property Crime,28.618803,77.170017,Connaught Place,Delhi,Non-violent property related incident,Resolved,8.6
2025-11-30,10:52,Theft,19.104446,72.905924,Borivali,Mumbai,Theft of personal belongings reported,Closed,8
2025-11-05,16:33,Theft,18.515013,73.854482,Viman Nagar,Pune,Theft of personal belongings reported,Resolved,8.7
2025-11-24,20:35,Traffic Violation,23.003562,72.577278,SG Highway,Ahmedabad,Traffic rules violation captured,Resolved,6.7
2025-12-02,21:36,Assault,23.010426,72.554667,Vastrapur,Ahmedabad,Physical altercation between individuals,Active,11.9
2025-11-21,07:36,Traffic Violation,13.112863,80.271300,Anna Nagar,Chennai,Traffic rules violation captured,Active,8.4
2025-11-26,12:41,Vandalism,22.609976,88.364671,Howrah,Kolkata,Damage to public or private property,Closed,9.1
2025-11-24,10:36,Burglary,17.415926,78.452271,Banjara Hills,Hyderabad,Breaking and entering into residential property,Active,10
2025-11-23,08:08,Traffic Violation,18.534459,73.838627,PCMC,Pune,Traffic rules violation captured,Closed,9.1
2025-11-16,19:20,Traffic Violation,18.481291,73.844871,Shivajinagar,Pune,Traffic rules violation captured,Active,10.5
2025-11-20,17:15,Traffic Violation,12.967510,77.596663,Koramangala,Bengaluru,Traffic rules violation captured,Resolved,7.7
2025-11-08,20:35,Robbery,23.012841,72.605868,Bopal,Ahmedabad,Street robbery near public area,Resolved,10.6
2025-11-11,14:53,Theft,13.113512,80.290403,Egmore,Chennai,Theft of personal belongings reported,Resolved,8.7
2025-11-03,09:30,Traffic Violation,22.603936,88.398733,Ballygunge,Kolkata,Traffic rules violation captured,Resolved,7.1
2025-11-19,16:15,Vandalism,23.028173,72.558904,Bopal,Ahmedabad,Damage to public or private property,Resolved,9.9
2025-11-03,10:13,Theft,18.545823,73.893226,Kothrud,Pune,Theft of personal belongings reported,Active,10.3
2025-11-09,21:17,Assault,19.115278,72.878240,Andheri,Mumbai,Physical altercation between individuals,Active,9.3
2025-11-15,23:44,Assault,18.531357,73.817772,PCMC,Pune,Physical altercation between individuals,Resolved,11.3
2025-12-01,22:41,Drug Offense,23.021152,72.575906,Chandkheda,Ahmedabad,Possession or distribution case,Resolved,9.4
2025-11-18,17:46,Traffic Violation,28.576513,77.187942,Karol Bagh,Delhi,Traffic rules violation captured,Resolved,7
2025-11-26,12:01,Vandalism,28.632562,77.178568,Rohini,Delhi,Damage to public or private property,Resolved,8
2025-11-26,10:18,Property Crime,22.593674,88.338847,Howrah,Kolkata,Non-violent property related incident,Resolved,8.9
2025-11-21,00:29,Assault,28.651084,77.177938,Karol Bagh,Delhi,Physical altercation between individuals,Active,10.7
2025-11-09,13:33,Vandalism,18.523488,73.826921,Viman Nagar,Pune,Damage to public or private property,Closed,8.8
2025-11-25,11:17,Theft,13.001006,77.604668,Koramangala,Bengaluru,Theft of personal belongings reported,Resolved,8
2025-11-04,22:15,Drug Offense,23.041641,72.558889,Navrangpura,Ahmedabad,Possession or distribution case,Active,9.9
2025-11-10,00:41,Drug Offense,19.057061,72.902127,Dadar,Mumbai,Possession or distribution case,Closed,7.5
2025-11-20,19:01,Traffic Violation,18.490178,73.863553,Baner,Pune,Traffic rules violation captured,Closed,9.3
2025-11-17,20:59,Robbery,23.018504,72.559773,SG Highway,Ahmedabad,Street robbery near public area,Resolved,11.1
2025-11-05,23:07,Drug Offense,22.543357,88.349283,Baranagar,Kolkata,Possession or distribution case,Resolved,9.2
2025-11-27,16:02,Vandalism,23.062348,72.547789,Navrangpura,Ahmedabad,Damage to public or private property,Resolved,8.7
2025-11-16,07:40,Traffic Violation,18.549385,73.824577,Baner,Pune,Traffic rules violation captured,Resolved,8.6
2025-11-23,11:10,Property Crime,22.547575,88.326865,Dum Dum,Kolkata,Non-violent property related incident,Active,10.4
2025-11-20,00:55,Robbery,13.111691,80.263251,Guindy,Chennai,Street robbery near public area,Resolved,10.4
2025-11-14,10:42,Burglary,13.005850,77.622016,Indiranagar,Bengaluru,Breaking and entering into residential property,Resolved,7.4
2025-11-30,10:45,Property Crime,18.484918,73.863173,Baner,Pune,Non-violent property related incident,Active,9.5
2025-11-13,08:18,Traffic Violation,13.120615,80.246369,Guindy,Chennai,Traffic rules violation captured,Resolved,8.7
2025-11-05,21:33,Drug Offense,22.557239,88.347827,Dum Dum,Kolkata,Possession or distribution case,Active,8.8
2025-11-15,00:45,Drug Offense,13.097280,80.288530,Velachery,Chennai,Possession or distribution case,Active,9.6
2025-11-11,15:37,Burglary,17.395304,78.452978,Banjara Hills,Hyderabad,Breaking and entering into residential property,Resolved,8.4
2025-11-22,08:15,Traffic Violation,13.045726,80.231167,Guindy,Chennai,Traffic rules violation captured,Closed,7.5
2025-11-16,08:37,Traffic Violation,22.602693,88.342015,Salt Lake,Kolkata,Traffic rules violation captured,Resolved,7.9
2025-11-06,12:24,Property Crime,19.053437,72.841306,Andheri,Mumbai,Non-violent property related incident,Resolved,6.6
2025-11-11,16:36,Vandalism,22.548797,88.380165,Baranagar,Kolkata,Damage to public or private property,Active,10.6
2025-11-07,16:19,Burglary,17.424187,78.472197,Secunderabad,Hyderabad,Breaking and entering into residential property,Resolved,7.1
2025-11-03,00:06,Robbery,19.055661,72.845323,Colaba,Mumbai,Street robbery near public area,Active,11
2025-11-30,10:52,Vandalism,17.353408,78.525286,Kukatpally,Hyderabad,Damage to public or private property,Resolved,8.6
2025-11-20,18:36,Traffic Violation,17.346059,78.522456,Secunderabad,Hyderabad,Traffic rules violation captured,Resolved,7.2
2025-11-16,14:06,Burglary,13.063553,80.286041,Anna Nagar,Chennai,Breaking and entering into residential property,Closed,8.5
2025-11-26,12:21,Property Crime,13.076163,80.307959,Velachery,Chennai,Non-violent property related incident,Resolved,7.9
2025-11-06,11:29,Property Crime,28.603198,77.195352,Saket,Delhi,Non-violent property related incident,Active,9.5
2025-11-20,23:21,Robbery,19.087309,72.894547,BKC,Mumbai,Street robbery near public area,Active,11.2
2025-11-25,13:02,Property Crime,19.115477,72.874444,Colaba,Mumbai,Non-violent property related incident,Resolved,7.3
2025-11-10,19:55,Traffic Violation,13.098494,80.278327,Adyar,Chennai,Traffic rules violation captured,Active,9.9
2025-11-09,23:34,Drug Offense,17.408033,78.473399,Banjara Hills,Hyderabad,Possession or distribution case,Resolved,7.2
2025-11-12,16:44,Vandalism,18.491510,73.881546,Kothrud,Pune,Damage to public or private property,Active,10.3
2025-11-16,22:51,Robbery,12.952322,77.593554,MG Road,Bengaluru,Street robbery near public area,Active,10.1
2025-11-25,14:21,Burglary,28.619532,77.234810,MG Road,Delhi,Breaking and entering into residential property,Closed,9.3
2025-11-15,09:29,Traffic Violation,18.541925,73.871230,Viman Nagar,Pune,Traffic rules violation captured,Active,10.3
2025-11-29,11:41,Theft,23.044061,72.579291,Vastrapur,Ahmedabad,Theft of personal belongings reported,Active,9.2
2025-11-10,08:10,Traffic Violation,13.093753,80.306117,Guindy,Chennai,Traffic rules violation captured,Active,8.8
2025-11-05,02:29,Drug Offense,18.516206,73.840094,Baner,Pune,Possession or distribution case,Active,11.4
2025-11-20,10:09,Burglary,22.555164,88.396732,Baranagar,Kolkata,Breaking and entering into residential property,Active,9.5
2025-11-03,11:36,Property Crime,28.589371,77.189856,Noida Sector 18,Delhi,Non-violent property related incident,Active,10.1
2025-11-28,21:37,Robbery,18.518948,73.889406,Shivajinagar,Pune,Street robbery near public area,Active,11.5
2025-12-01,14:28,Vandalism,12.966236,77.563684,MG Road,Bengaluru,Damage to public or private property,Active,10
2025-11-15,09:40,Traffic Violation,22.995754,72.595371,Bopal,Ahmedabad,Traffic rules violation captured,Active,10
2025-11-18,08:58,Traffic Violation,18.553998,73.817319,Baner,Pune,Traffic rules violation captured,Resolved,8
2025-12-01,20:55,Assault,13.006529,77.585330,HSR Layout,Bengaluru,Physical altercation between individuals,Closed,10
2025-11-17,20:16,Traffic Violation,18.517977,73.853687,Baner,Pune,Traffic rules violation captured,Closed,8.8
2025-11-12,20:35,Traffic Violation,18.484134,73.871794,Baner,Pune,Traffic rules violation captured,Resolved,8
2025-11-16,12:36,Property Crime,28.586732,77.246979,Noida Sector 18,Delhi,Non-violent property related incident,Active,10
2025-11-22,12:14,Burglary,22.547552,88.376290,Salt Lake,Kolkata,Breaking and entering into residential property,Resolved,9.4
2025-11-05,17:01,Traffic Violation,18.497411,73.870185,Hadapsar,Pune,Traffic rules violation captured,Active,9.1
2025-11-07,18:11,Traffic Violation,23.048784,72.543756,Bopal,Ahmedabad,Traffic rules violation captured,Resolved,7.9
2025-11-16,23:20,Robbery,17.395497,78.472158,Madhapur,Hyderabad,Street robbery near public area,Active,10.5
2025-11-22,08:18,Traffic Violation,18.509789,73.839087,Baner,Pune,Traffic rules violation captured,Active,8.2
2025-11-09,15:03,Vandalism,12.946631,77.588699,Electronic City,Bengaluru,Damage to public or private property,Resolved,8
2025-11-27,15:46,Property Crime,17.345695,78.483637,Hitech City,Hyderabad,Non-violent property related incident,Resolved,8.9
2025-11-30,07:06,Traffic Violation,13.101573,80.254921,Tambaram,Chennai,Traffic rules violation captured,Active,9.6
2025-11-15,12:20,Property Crime,28.639556,77.215326,Noida Sector 18,Delhi,Non-violent property related incident,Active,9.4
2025-11-30,21:18,Robbery,28.648355,77.230283,Karol Bagh,Delhi,Street robbery near public area,Active,11.7
2025-11-27,17:52,Traffic Violation,23.037410,72.535969,Maninagar,Ahmedabad,Traffic rules violation captured,Closed,7.2
2025-11-07,08:36,Traffic Violation,13.096776,80.257877,Guindy,Chennai,Traffic rules violation captured,Closed,7.8
2025-11-10,01:39,Assault,23.002088,72.575685,Sabarmati,Ahmedabad,Physical altercation between individuals,Active,12.3
2025-11-18,10:02,Theft,13.044596,80.251411,Adyar,Chennai,Theft of personal belongings reported,Closed,8.9
2025-11-06,12:22,Theft,22.596964,88.340834,Park Street,Kolkata,Theft of personal belongings reported,Resolved,7.9
2025-11-23,12:56,Property Crime,18.490459,73.875797,Camp,Pune,Non-violent property related incident,Active,9.4
2025-11-24,09:58,Traffic Violation,18.560313,73.832784,Viman Nagar,Pune,Traffic rules violation captured,Resolved,8.3
2025-11-26,07:04,Traffic Violation,18.519526,73.824565,Koregaon Park,Pune,Traffic rules violation captured,Active,9.7
2025-12-02,11:51,Property Crime,28.592007,77.243182,Noida Sector 18,Delhi,Non-violent property related incident,Closed,9.1
2025-11-24,16:35,Burglary,13.072421,80.257494,Adyar,Chennai,Breaking and entering into residential property,Active,10.5
2025-11-05,22:40,Robbery,12.936499,77.633180,HSR Layout,Bengaluru,Street robbery near public area,Closed,9.1
2025-11-07,12:13,Burglary,22.539183,88.400892,Ballygunge,Kolkata,Breaking and entering into residential property,Resolved,8.9
2025-11-20,16:41,Theft,19.089377,72.889327,Colaba,Mumbai,Theft of personal belongings reported,Resolved,7.7
2025-11-24,14:34,Property Crime,23.007712,72.535596,Maninagar,Ahmedabad,Non-violent property related incident,Closed,8
2025-12-01,16:45,Theft,23.045340,72.611272,Maninagar,Ahmedabad,Theft of personal belongings reported,Resolved,8.7
2025-11-18,18:25,Traffic Violation,18.498145,73.871920,Kothrud,Pune,Traffic rules violation captured,Active,10.5
2025-11-03,22:15,Assault,19.063228,72.872994,Dadar,Mumbai,Physical altercation between individuals,Active,10.5
2025-11-22,18:43,Traffic Violation,13.048120,80.232350,Guindy,Chennai,Traffic rules violation captured,Active,8.2
2025-11-27,01:12,Drug Offense,28.650209,77.223211,Noida Sector 18,Delhi,Possession or distribution case,Active,10.3
2025-11-10,12:55,Property Crime,18.553377,73.822018,Shivajinagar,Pune,Non-violent property related incident,Active,10.9
2025-11-09,15:26,Vandalism,13.055192,80.301234,Anna Nagar,Chennai,Damage to public or private property,Active,10.9
2025-11-26,13:05,Theft,28.651214,77.186169,Rohini,Delhi,Theft of personal belongings reported,Active,9.5
2025-11-27,08:38,Traffic Violation,22.574134,88.355866,Park Street,Kolkata,Traffic rules violation captured,Closed,6.3
2025-11-29,15:39,Vandalism,22.587733,88.353489,Salt Lake,Kolkata,Damage to public or private property,Closed,7.8
2025-11-15,09:57,Traffic Violation,12.996393,77.615226,MG Road,Bengaluru,Traffic rules violation captured,Active,7.9
2025-11-29,13:42,Burglary,18.497941,73.840192,Kothrud,Pune,Breaking and entering into residential property,Resolved,10.3
2025-11-08,21:56,Assault,23.042326,72.585907,Chandkheda,Ahmedabad,Physical altercation between individuals,Active,11.2
2025-11-07,01:49,Robbery,28.618426,77.176821,MG Road,Delhi,Street robbery near public area,Closed,9.8
2025-11-21,18:25,Traffic Violation,17.375682,78.502821,Hitech City,Hyderabad,Traffic rules violation captured,Closed,7.6
2025-11-04,10:49,Vandalism,22.545996,88.364413,Baranagar,Kolkata,Damage to public or private property,Active,10.7
2025-11-04,08:13,Traffic Violation,19.043905,72.884886,Borivali,Mumbai,Traffic rules violation captured,Active,8.6
2025-11-27,17:30,Traffic Violation,23.047215,72.605723,Ellis Bridge,Ahmedabad,Traffic rules violation captured,Active,9.1
2025-11-10,17:52,Traffic Violation,12.940739,77.619341,Koramangala,Bengaluru,Traffic rules violation captured,Resolved,8.1
2025-11-18,16:04,Property Crime,28.629262,77.174508,Hauz Khas,Delhi,Non-violent property related incident,Active,10.3
2025-11-08,18:44,Traffic Violation,13.078828,80.303969,Velachery,Chennai,Traffic rules violation captured,Active,10.2
2025-11-09,23:39,Robbery,13.084538,80.268375,Guindy,Chennai,Street robbery near public area,Active,10.1
2025-11-09,18:33,Traffic Violation,22.550560,88.349240,Ballygunge,Kolkata,Traffic rules violation captured,Active,7.7
2025-11-09,01:02,Assault,18.549360,73.890539,PCMC,Pune,Physical altercation between individuals,Active,12
2025-11-12,00:40,Assault,18.497623,73.890430,Hadapsar,Pune,Physical altercation between individuals,Active,11.1
2025-11-11,14:36,Burglary,22.578118,88.400790,Ballygunge,Kolkata,Breaking and entering into residential property,Resolved,9.2
2025-11-14,18:15,Traffic Violation,19.071806,72.848479,Marine Drive,Mumbai,Traffic rules violation captured,Resolved,6.8
2025-11-27,22:12,Drug Offense,18.498772,73.868283,Camp,Pune,Possession or distribution case,Closed,9.9
2025-11-09,12:49,Property Crime,22.550015,88.324365,Ballygunge,Kolkata,Non-violent property related incident,Active,9.8
2025-11-04,23:09,Assault,23.000143,72.536873,Maninagar,Ahmedabad,Physical altercation between individuals,Active,10.7
2025-11-25,02:49,Drug Offense,13.046751,80.269707,Adyar,Chennai,Possession or distribution case,Active,10.8
2025-11-13,09:08,Traffic Violation,18.547753,73.866568,Baner,Pune,Traffic rules violation captured,Closed,8.1
2025-11-05,14:48,Vandalism,17.398204,78.486374,Necklace Road,Hyderabad,Damage to public or private property,Closed,8.4
2025-11-29,12:47,Vandalism,13.104831,80.284273,Guindy,Chennai,Damage to public or private property,Active,10
2025-11-29,21:52,Drug Offense,19.057696,72.843831,Juhu,Mumbai,Possession or distribution case,Active,8
2025-12-01,11:36,Vandalism,18.525457,73.861095,Shivajinagar,Pune,Damage to public or private property,Resolved,10.3
2025-11-29,01:01,Assault,28.594019,77.201331,Karol Bagh,Delhi,Physical altercation between individuals,Resolved,9.3
2025-11-17,17:23,Traffic Violation,17.381241,78.501352,Necklace Road,Hyderabad,Traffic rules violation captured,Closed,7.9
2025-11-27,00:58,Assault,23.013954,72.552764,Ellis Bridge,Ahmedabad,Physical altercation between individuals,Closed,10.5
2025-11-30,13:14,Vandalism,17.381875,78.505237,Kukatpally,Hyderabad,Damage to public or private property,Closed,9.2
2025-11-19,02:48,Drug Offense,17.351133,78.516710,Secunderabad,Hyderabad,Possession or distribution case,Closed,9.4
2025-11-06,23:54,Drug Offense,22.533508,88.400788,Park Street,Kolkata,Possession or distribution case,Resolved,8
2025-11-22,14:55,Theft,13.068697,80.299129,Nungambakkam,Chennai,Theft of personal belongings reported,Closed,9.6
2025-11-26,17:27,Traffic Violation,22.579525,88.339930,Baranagar,Kolkata,Traffic rules violation captured,Resolved,6.7
2025-11-25,12:07,Vandalism,19.099446,72.901965,Thane West,Mumbai,Damage to public or private property,Closed,6.4
2025-11-13,02:22,Drug Offense,12.962067,77.573334,MG Road,Bengaluru,Possession or distribution case,Resolved,8.4
2025-12-02,18:41,Traffic Violation,19.101924,72.844608,Marine Drive,Mumbai,Traffic rules violation captured,Resolved,5.6
2025-11-24,01:23,Assault,13.054356,80.266781,Guindy,Chennai,Physical altercation between individuals,Closed,9.4
2025-11-19,19:07,Traffic Violation,17.389311,78.483088,Hitech City,Hyderabad,Traffic rules violation captured,Active,7.3
2025-12-01,22:45,Robbery,22.611477,88.394851,New Market,Kolkata,Street robbery near public area,Active,11.7
2025-11-23,15:15,Property Crime,23.018515,72.542743,Sabarmati,Ahmedabad,Non-violent property related incident,Closed,9.6
2025-11-14,11:01,Theft,28.652516,77.191694,Hauz Khas,Delhi,Theft of personal belongings reported,Resolved,8.6
2025-11-27,18:06,Traffic Violation,18.511240,73.829792,PCMC,Pune,Traffic rules violation captured,Active,8.3
2025-11-25,14:27,Vandalism,12.958293,77.581460,Koramangala,Bengaluru,Damage to public or private property,Resolved,7.8
2025-11-08,10:14,Property Crime,12.947469,77.601956,Koramangala,Bengaluru,Non-violent property related incident,Active,10.1
2025-11-21,17:52,Traffic Violation,18.540825,73.840308,Kothrud,Pune,Traffic rules violation captured,Active,9.4
2025-11-30,19:47,Traffic Violation,23.009226,72.609786,Navrangpura,Ahmedabad,Traffic rules violation captured,Resolved,9
2025-11-13,19:56,Traffic Violation,12.980637,77.576428,MG Road,Bengaluru,Traffic rules violation captured,Resolved,8.7
2025-11-29,02:04,Drug Offense,12.998585,77.629537,Malleshwaram,Bengaluru,Possession or distribution case,Active,10.9
2025-11-28,10:09,Burglary,12.994369,77.594626,MG Road,Bengaluru,Breaking and entering into residential property,Active,11
2025-11-06,14:21,Vandalism,17.411417,78.524048,Kukatpally,Hyderabad,Damage to public or private property,Active,9.3
2025-11-23,13:14,Theft,12.995321,77.592813,MG Road,Bengaluru,Theft of personal belongings reported,Resolved,8.5
2025-11-18,19:35,Traffic Violation,19.066730,72.910490,Borivali,Mumbai,Traffic rules violation captured,Closed,6.3
2025-11-30,23:14,Assault,23.050514,72.571437,Vastrapur,Ahmedabad,Physical altercation between individuals,Resolved,10.7
2025-11-29,16:33,Property Crime,22.583756,88.347129,Dum Dum,Kolkata,Non-violent property related incident,Active,9.1
2025-11-16,00:15,Robbery,22.603395,88.349879,Salt Lake,Kolkata,Street robbery near public area,Resolved,10.5
2025-11-09,21:07,Drug Offense,18.512021,73.844030,Camp,Pune,Possession or distribution case,Resolved,9.9
2025-11-26,22:03,Drug Offense,19.108377,72.916269,Andheri,Mumbai,Possession or distribution case,Active,8.3
2025-11-11,18:59,Traffic Violation,12.982307,77.586289,Malleshwaram,Bengaluru,Traffic rules violation captured,Active,8.4
2025-11-26,21:59,Assault,19.036837,72.907121,Andheri,Mumbai,Physical altercation between individuals,Active,9.3
2025-11-20,18:13,Traffic Violation,19.057867,72.866393,Dadar,Mumbai,Traffic rules violation captured,Resolved,5.4
2025-11-27,16:42,Property Crime,23.019646,72.572910,Maninagar,Ahmedabad,Non-violent property related incident,Resolved,9.1
2025-11-22,12:10,Burglary,23.001977,72.569475,Sabarmati,Ahmedabad,Breaking and entering into residential property,Closed,7.9
2025-12-02,17:27,Traffic Violation,28.619915,77.229526,Dwarka,Delhi,Traffic rules violation captured,Active,8.7
2025-11-05,07:28,Traffic Violation,23.043690,72.552912,Sabarmati,Ahmedabad,Traffic rules violation captured,Resolved,8.3
2025-11-06,10:56,Property Crime,28.577911,77.220821,Hauz Khas,Delhi,Non-violent property related incident,Active,8.6
2025-12-01,21:06,Assault,18.524149,73.873366,Baner,Pune,Physical altercation between individuals,Resolved,9.4
2025-11-06,13:29,Burglary,13.100183,80.253222,T. Nagar,Chennai,Breaking and entering into residential property,Active,8.9
2025-11-09,23:14,Robbery,13.107433,80.238281,Anna Nagar,Chennai,Street robbery near public area,Resolved,9.1
2025-11-13,22:44,Assault,12.973324,77.575533,Electronic City,Bengaluru,Physical altercation between individuals,Closed,10.6
2025-11-27,14:06,Burglary,28.592627,77.172058,Saket,Delhi,Breaking and entering into residential property,Active,8.3
2025-11-26,01:10,Robbery,22.996906,72.559669,Navrangpura,Ahmedabad,Street robbery near public area,Closed,9.1
2025-11-07,12:33,Vandalism,23.014097,72.566925,Maninagar,Ahmedabad,Damage to public or private property,Resolved,8.4
2025-11-07,16:28,Theft,18.499984,73.868506,Camp,Pune,Theft of personal belongings reported,Active,10.2
2025-11-23,10:16,Property Crime,17.387630,78.503256,Madhapur,Hyderabad,Non-violent property related incident,Closed,8.7
2025-11-15,02:31,Drug Offense,22.983931,72.609067,Ellis Bridge,Ahmedabad,Possession or distribution case,Closed,7.7
2025-11-10,14:05,Vandalism,23.020678,72.564528,Maninagar,Ahmedabad,Damage to public or private property,Resolved,8.5
2025-11-15,10:55,Burglary,23.025868,72.604812,Navrangpura,Ahmedabad,Breaking and entering into residential property,Active,11.1
2025-11-23,08:36,Traffic Violation,13.097980,80.233018,Egmore,Chennai,Traffic rules violation captured,Resolved,7.1
2025-11-28,22:18,Robbery,22.991934,72.555518,Bopal,Ahmedabad,Street robbery near public area,Active,11.1
2025-11-04,12:07,Theft,28.606321,77.221739,Dwarka,Delhi,Theft of personal belongings reported,Resolved,8.3
2025-11-19,23:23,Assault,28.618521,77.234567,Noida Sector 18,Delhi,Physical altercation between individuals,Active,11.5
2025-11-10,00:12,Assault,23.039535,72.544375,Vastrapur,Ahmedabad,Physical altercation between individuals,Active,11.9
2025-11-22,13:40,Theft,23.032113,72.599764,Chandkheda,Ahmedabad,Theft of personal belongings reported,Resolved,9.2
2025-11-11,01:17,Drug Offense,17.364138,78.471084,Secunderabad,Hyderabad,Possession or distribution case,Active,9.9
2025-11-19,23:47,Robbery,18.485693,73.852490,Kothrud,Pune,Street robbery near public area,Active,10.8
2025-12-01,07:29,Traffic Violation,17.423476,78.521247,Hitech City,Hyderabad,Traffic rules violation captured,Resolved,6.1
2025-11-14,21:00,Assault,23.055759,72.589886,Sabarmati,Ahmedabad,Physical altercation between individuals,Active,12
2025-11-05,11:57,Theft,13.006287,77.633955,Yeshwanthpur,Bengaluru,Theft of personal belongings reported,Active,10.7
2025-11-18,14:53,Vandalism,19.063586,72.915961,Dadar,Mumbai,Damage to public or private property,Resolved,8.2
2025-11-23,02:20,Drug Offense,13.053312,80.244126,Guindy,Chennai,Possession or distribution case,Closed,9.8
2025-11-18,09:30,Traffic Violation,23.017513,72.536095,Sabarmati,Ahmedabad,Traffic rules violation captured,Active,8.2
2025-11-16,13:13,Property Crime,13.085478,80.298449,Tambaram,Chennai,Non-violent property related incident,Active,9.7
2025-11-30,21:09,Assault,19.094575,72.864434,Borivali,Mumbai,Physical altercation between individuals,Active,10.1
2025-11-06,07:09,Traffic Violation,13.069265,80.308621,Velachery,Chennai,Traffic rules violation captured,Active,8.2
2025-11-27,07:37,Traffic Violation,12.973985,77.609036,Electronic City,Bengaluru,Traffic rules violation captured,Closed,6.6
2025-11-30,15:47,Theft,22.569305,88.332803,Ballygunge,Kolkata,Theft of personal belongings reported,Resolved,8.2
2025-11-25,11:40,Property Crime,19.102741,72.881921,Borivali,Mumbai,Non-violent property related incident,Active,7.7
2025-11-13,15:27,Property Crime,19.052518,72.875121,Thane West,Mumbai,Non-violent property related incident,Active,8.1
2025-12-01,09:30,Traffic Violation,12.974251,77.589277,Electronic City,Bengaluru,Traffic rules violation captured,Closed,7.1
2025-11-16,21:00,Robbery,22.990487,72.547406,Bopal,Ahmedabad,Street robbery near public area,Active,10.3
2025-11-10,10:29,Vandalism,23.030786,72.575076,Bopal,Ahmedabad,Damage to public or private property,Closed,8.8
2025-11-23,18:06,Traffic Violation,19.094578,72.870746,Dadar,Mumbai,Traffic rules violation captured,Resolved,7.8
2025-11-26,07:54,Traffic Violation,19.075699,72.873918,Marine Drive,Mumbai,Traffic rules violation captured,Resolved,7.8
2025-12-02,20:25,Robbery,22.571504,88.400283,Park Street,Kolkata,Street robbery near public area,Closed,9.7
2025-11-08,17:40,Traffic Violation,22.583428,88.330704,Ballygunge,Kolkata,Traffic rules violation captured,Active,9.7
2025-11-27,15:21,Property Crime,19.072779,72.883891,Marine Drive,Mumbai,Non-violent property related incident,Active,8.9
2025-11-12,21:10,Assault,19.104714,72.865176,BKC,Mumbai,Physical altercation between individuals,Active,10.9
2025-11-16,17:18,Traffic Violation,23.050256,72.560660,SG Highway,Ahmedabad,Traffic rules violation captured,Closed,7.3
2025-11-06,20:59,Robbery,22.538067,88.398451,Salt Lake,Kolkata,Street robbery near public area,Resolved,9.1
2025-11-16,15:07,Property Crime,19.079290,72.909737,Colaba,Mumbai,Non-violent property related incident,Active,9
2025-11-21,15:27,Theft,18.549806,73.876080,Baner,Pune,Theft of personal belongings reported,Active,10.2
2025-11-10,23:50,Drug Offense,22.553065,88.368728,Alipore,Kolkata,Possession or distribution case,Active,8.6
2025-11-22,07:37,Traffic Violation,28.632884,77.220335,Saket,Delhi,Traffic rules violation captured,Resolved,6.9
2025-11-15,11:11,Theft,17.392039,78.456029,Charminar,Hyderabad,Theft of personal belongings reported,Active,8.4
2025-11-24,00:03,Drug Offense,12.944458,77.611440,HSR Layout,Bengaluru,Possession or distribution case,Closed,7.6
2025-11-17,22:46,Drug Offense,19.068738,72.913534,Marine Drive,Mumbai,Possession or distribution case,Active,7.9
2025-11-24,01:43,Robbery,22.566020,88.349148,Salt Lake,Kolkata,Street robbery near public area,Active,10.4
2025-11-30,21:51,Robbery,22.601523,88.360576,Park Street,Kolkata,Street robbery near public area,Active,10.5
2025-11-20,13:24,Theft,28.647433,77.229368,Dwarka,Delhi,Theft of personal belongings reported,Closed,8.6
2025-11-21,16:40,Vandalism,19.054676,72.882776,Thane West,Mumbai,Damage to public or private property,Active,8.6
2025-11-17,12:52,Burglary,19.101099,72.893890,Dadar,Mumbai,Breaking and entering into residential property,Resolved,7.6
2025-11-25,20:06,Traffic Violation,18.541727,73.846377,PCMC,Pune,Traffic rules violation captured,Active,8.6
2025-11-21,22:44,Robbery,13.060667,80.306868,Anna Nagar,Chennai,Street robbery near public area,Active,11.7
2025-11-27,12:57,Theft,19.070962,72.889708,Borivali,Mumbai,Theft of personal belongings reported,Resolved,8.6
2025-11-14,16:19,Property Crime,13.084228,80.297726,Anna Nagar,Chennai,Non-violent property related incident,Resolved,8.3
2025-11-28,23:08,Drug Offense,22.542744,88.349540,Dum Dum,Kolkata,Possession or distribution case,Active,9.5
2025-11-20,16:33,Property Crime,18.521494,73.823747,PCMC,Pune,Non-violent property related incident,Resolved,10.3
2025-11-22,07:21,Traffic Violation,22.576746,88.379587,Ballygunge,Kolkata,Traffic rules violation captured,Resolved,8.6
2025-11-12,23:18,Assault,22.991151,72.562195,Sabarmati,Ahmedabad,Physical altercation between individuals,Active,11.2
2025-11-07,20:56,Traffic Violation,28.638645,77.203527,Dwarka,Delhi,Traffic rules violation captured,Closed,6.4
2025-11-14,09:33,Traffic Violation,13.004936,77.595955,Whitefield,Bengaluru,Traffic rules violation captured,Resolved,8
2025-11-07,20:03,Robbery,12.966135,77.615862,Whitefield,Bengaluru,Street robbery near public area,Active,11.6
2025-11-20,15:42,Property Crime,22.544904,88.329047,Park Street,Kolkata,Non-violent property related incident,Closed,8.2
2025-11-27,22:19,Robbery,12.958917,77.569600,Electronic City,Bengaluru,Street robbery near public area,Closed,10.1
2025-11-29,11:09,Property Crime,23.060127,72.543847,SG Highway,Ahmedabad,Non-violent property related incident,Active,9.5
2025-11-13,11:42,Property Crime,22.606272,88.328765,Baranagar,Kolkata,Non-violent property related incident,Active,10.5
2025-11-22,09:53,Traffic Violation,18.559124,73.826780,PCMC,Pune,Traffic rules violation captured,Resolved,7.5
2025-11-17,16:38,Vandalism,18.527690,73.834802,Viman Nagar,Pune,Damage to public or private property,Closed,10.1
2025-11-21,13:03,Vandalism,22.543941,88.350078,New Market,Kolkata,Damage to public or private property,Active,9
2025-12-02,14:36,Vandalism,18.521265,73.882336,Baner,Pune,Damage to public or private property,Active,10.6
2025-11-30,10:00,Burglary,12.944655,77.590092,Electronic City,Bengaluru,Breaking and entering into residential property,Closed,7.5
2025-11-04,18:36,Traffic Violation,22.539297,88.361472,Baranagar,Kolkata,Traffic rules violation captured,Resolved,7.2
2025-11-06,15:20,Property Crime,19.048862,72.912698,Dadar,Mumbai,Non-violent property related incident,Active,9.4
2025-11-15,18:01,Traffic Violation,23.023881,72.582933,SG Highway,Ahmedabad,Traffic rules violation captured,Closed,6.7
2025-11-22,20:16,Robbery,19.080770,72.913131,Thane West,Mumbai,Street robbery near public area,Resolved,7.8
2025-11-15,13:52,Vandalism,13.060460,80.288621,Tambaram,Chennai,Damage to public or private property,Resolved,7.7
2025-11-23,16:44,Vandalism,22.543809,88.364256,New Market,Kolkata,Damage to public or private property,Active,10.2
2025-11-28,12:05,Burglary,19.049279,72.899646,Thane West,Mumbai,Breaking and entering into residential property,Active,10
2025-11-26,13:03,Property Crime,13.005983,77.560379,Koramangala,Bengaluru,Non-violent property related incident,Resolved,7.7
2025-11-14,11:21,Theft,13.084558,80.275730,Velachery,Chennai,Theft of personal belongings reported,Closed,9
2025-11-09,15:24,Vandalism,19.110790,72.861080,Borivali,Mumbai,Damage to public or private property,Resolved,6.8
2025-12-02,07:33,Traffic Violation,22.997355,72.554377,Sabarmati,Ahmedabad,Traffic rules violation captured,Resolved,7.9
2025-11-06,09:26,Traffic Violation,13.078538,80.295496,Anna Nagar,Chennai,Traffic rules violation captured,Resolved,8.8
2025-11-21,00:06,Assault,17.345326,78.466196,Necklace Road,Hyderabad,Physical altercation between individuals,Active,11.8
2025-11-22,23:00,Robbery,22.539793,88.343194,Salt Lake,Kolkata,Street robbery near public area,Closed,10.7
2025-11-28,11:32,Burglary,18.534181,73.836823,Shivajinagar,Pune,Breaking and entering into residential property,Active,10.4
2025-11-08,18:35,Traffic Violation,28.586455,77.192720,Connaught Place,Delhi,Traffic rules violation captured,Active,9.5
2025-11-06,11:32,Property Crime,13.108951,80.271410,Tambaram,Chennai,Non-violent property related incident,Resolved,9.4
2025-12-02,13:53,Vandalism,23.004014,72.609957,Chandkheda,Ahmedabad,Damage to public or private property,Active,11.3
2025-11-07,22:19,Assault,17.418124,78.450038,Charminar,Hyderabad,Physical altercation between individuals,Resolved,8.7
2025-11-28,13:13,Theft,19.048446,72.841712,Borivali,Mumbai,Theft of personal belongings reported,Closed,8.1
2025-11-10,09:36,Traffic Violation,22.588118,88.395813,Salt Lake,Kolkata,Traffic rules violation captured,Resolved,7.5
2025-11-07,14:20,Vandalism,23.010731,72.552949,Maninagar,Ahmedabad,Damage to public or private property,Active,10.5
2025-11-29,19:19,Traffic Violation,19.086777,72.902464,BKC,Mumbai,Traffic rules violation captured,Active,9
2025-11-12,12:35,Property Crime,22.597132,88.327479,Baranagar,Kolkata,Non-violent property related incident,Closed,8.4
2025-11-30,01:41,Assault,23.037582,72.600257,Vastrapur,Ahmedabad,Physical altercation between individuals,Resolved,9.4
2025-11-04,16:50,Vandalism,28.626742,77.246466,Saket,Delhi,Damage to public or private property,Resolved,8.7
2025-11-22,21:45,Drug Offense,19.058649,72.909347,Thane West,Mumbai,Possession or distribution case,Active,7.9
2025-12-01,14:41,Property Crime,28.604732,77.185508,Hauz Khas,Delhi,Non-violent property related incident,Active,9.8
2025-11-15,22:30,Assault,18.505643,73.849667,Hadapsar,Pune,Physical altercation between individuals,Resolved,10.1
2025-11-30,21:12,Drug Offense,28.642890,77.232749,Hauz Khas,Delhi,Possession or distribution case,Active,8.2
2025-11-10,10:46,Property Crime,18.559185,73.870669,Shivajinagar,Pune,Non-violent property related incident,Resolved,9.6
2025-11-11,13:31,Theft,19.045767,72.868842,Juhu,Mumbai,Theft of personal belongings reported,Active,8.7
2025-12-02,15:46,Burglary,18.486079,73.849638,Hadapsar,Pune,Breaking and entering into residential property,Active,11.5
2025-11-10,00:09,Drug Offense,18.536931,73.856390,Baner,Pune,Possession or distribution case,Closed,8.9
2025-11-19,12:18,Theft,17.361308,78.464296,Secunderabad,Hyderabad,Theft of personal belongings reported,Closed,7.9
2025-11-06,07:00,Traffic Violation,28.597962,77.169842,Dwarka,Delhi,Traffic rules violation captured,Active,7.9
2025-11-22,13:14,Vandalism,22.589766,88.328214,Dum Dum,Kolkata,Damage to public or private property,Active,9.4
2025-11-22,19:38,Traffic Violation,13.090386,80.285304,Velachery,Chennai,Traffic rules violation captured,Resolved,8.9
2025-11-08,20:24,Assault,13.003858,77.568883,MG Road,Bengaluru,Physical altercation between individuals,Active,11.3
2025-11-03,11:27,Property Crime,12.963484,77.588463,HSR Layout,Bengaluru,Non-violent property related incident,Active,9.1
2025-12-01,15:35,Property Crime,18.530272,73.838863,Kothrud,Pune,Non-violent property related incident,Active,9.7
2025-12-01,00:18,Drug Offense,28.580045,77.241089,Rohini,Delhi,Possession or distribution case,Active,9.2
2025-12-01,13:16,Property Crime,18.487199,73.883948,Shivajinagar,Pune,Non-violent property related incident,Resolved,9.6
2025-11-04,11:46,Burglary,12.985599,77.582103,HSR Layout,Bengaluru,Breaking and entering into residential property,Resolved,9.2
2025-11-29,23:44,Assault,23.030634,72.611328,Ellis Bridge,Ahmedabad,Physical altercation between individuals,Closed,10.1
2025-11-17,07:11,Traffic Violation,22.595156,88.358639,Park Street,Kolkata,Traffic rules violation captured,Resolved,7.8
2025-11-11,21:11,Drug Offense,18.524830,73.834909,Viman Nagar,Pune,Possession or distribution case,Active,10.8
2025-11-14,17:13,Traffic Violation,12.973602,77.585443,Malleshwaram,Bengaluru,Traffic rules violation captured,Active,9.5
2025-11-27,17:51,Traffic Violation,17.401471,78.499414,Gachibowli,Hyderabad,Traffic rules violation captured,Active,7.9
2025-11-21,16:36,Property Crime,13.055935,80.248029,Egmore,Chennai,Non-violent property related incident,Closed,8.4
2025-11-30,23:44,Assault,12.931740,77.572794,MG Road,Bengaluru,Physical altercation between individuals,Active,12
2025-11-08,10:00,Theft,18.498859,73.874027,Camp,Pune,Theft of personal belongings reported,Resolved,8.5
2025-11-19,08:32,Traffic Violation,18.523959,73.828718,Koregaon Park,Pune,Traffic rules violation captured,Active,10.1
2025-11-08,22:18,Drug Offense,22.578418,88.343668,Salt Lake,Kolkata,Possession or distribution case,Active,9.3
2025-11-05,01:31,Assault,22.597321,88.386339,Park Street,Kolkata,Physical altercation between individuals,Active,9.6
2025-11-23,20:45,Traffic Violation,18.515827,73.836535,Viman Nagar,Pune,Traffic rules violation captured,Active,10.1
2025-11-30,21:30,Robbery,13.062972,80.252107,Nungambakkam,Chennai,Street robbery near public area,Closed,9.1
2025-11-11,20:29,Robbery,28.616506,77.215614,Hauz Khas,Delhi,Street robbery near public area,Active,9.9
2025-11-14,01:16,Assault,22.610724,88.393651,Park Street,Kolkata,Physical altercation between individuals,Active,11.3
2025-11-15,17:33,Traffic Violation,22.988937,72.601116,SG Highway,Ahmedabad,Traffic rules violation captured,Resolved,9.1
2025-11-23,22:34,Robbery,13.057239,80.309643,Velachery,Chennai,Street robbery near public area,Closed,10.1
2025-11-23,14:53,Vandalism,19.107599,72.906449,Dadar,Mumbai,Damage to public or private property,Resolved,6.6
2025-11-05,20:06,Assault,18.505702,73.890823,Viman Nagar,Pune,Physical altercation between individuals,Active,10.4
2025-11-29,01:40,Assault,13.084918,80.250055,Tambaram,Chennai,Physical altercation between individuals,Active,10
2025-11-16,20:33,Robbery,23.062210,72.602585,Navrangpura,Ahmedabad,Street robbery near public area,Active,12
2025-11-21,21:55,Robbery,13.003996,77.587076,Whitefield,Bengaluru,Street robbery near public area,Closed,10.9
2025-11-30,16:50,Theft,19.072484,72.858707,Thane West,Mumbai,Theft of personal belongings reported,Resolved,8.3
2025-11-19,09:05,Traffic Violation,28.650290,77.179441,Connaught Place,Delhi,Traffic rules violation captured,Closed,7.4
2025-11-16,14:23,Property Crime,18.506624,73.856144,Kothrud,Pune,Non-violent property related incident,Active,11.1
2025-11-10,21:06,Drug Offense,13.049029,80.242341,T. Nagar,Chennai,Possession or distribution case,Active,10.1
2025-11-06,17:10,Traffic Violation,17.405317,78.473844,Madhapur,Hyderabad,Traffic rules violation captured,Resolved,6.5
2025-11-11,20:07,Traffic Violation,18.514489,73.890428,Shivajinagar,Pune,Traffic rules violation captured,Closed,8.9
2025-11-26,23:23,Assault,23.050536,72.538707,Chandkheda,Ahmedabad,Physical altercation between individuals,Active,10.3
2025-11-29,16:58,Theft,28.630667,77.238888,Hauz Khas,Delhi,Theft of personal belongings reported,Active,8.7
2025-11-17,13:26,Property Crime,12.949099,77.587871,Indiranagar,Bengaluru,Non-violent property related incident,Resolved,7.8
2025-11-05,23:26,Drug Offense,22.602248,88.387079,New Market,Kolkata,Possession or distribution case,Active,10.1
2025-11-12,16:26,Theft,22.994031,72.587946,SG Highway,Ahmedabad,Theft of personal belongings reported,Resolved,9.1
2025-11-07,08:22,Traffic Violation,18.551651,73.827305,Hadapsar,Pune,Traffic rules violation captured,Resolved,8.4
2025-11-08,00:05,Robbery,22.593665,88.395299,Ballygunge,Kolkata,Street robbery near public area,Closed,10.5
2025-11-05,09:36,Traffic Violation,13.076315,80.242047,Adyar,Chennai,Traffic rules violation captured,Resolved,7.4
2025-12-01,17:19,Traffic Violation,28.620475,77.180327,Noida Sector 18,Delhi,Traffic rules violation captured,Active,8.1
2025-11-12,10:28,Theft,13.118183,80.245532,Velachery,Chennai,Theft of personal belongings reported,Active,8.8
2025-11-23,16:18,Burglary,13.055843,80.278720,Anna Nagar,Chennai,Breaking and entering into residential property,Active,10.4
2025-11-17,01:47,Drug Offense,13.120454,80.255398,T. Nagar,Chennai,Possession or distribution case,Active,8.9
2025-11-23,01:15,Robbery,19.089119,72.911195,Marine Drive,Mumbai,Street robbery near public area,Active,9.7
2025-11-08,23:19,Assault,28.577637,77.216641,Hauz Khas,Delhi,Physical altercation between individuals,Closed,9.1
2025-11-05,13:53,Property Crime,23.050586,72.544069,SG Highway,Ahmedabad,Non-violent property related incident,Active,10.7
2025-11-16,08:01,Traffic Violation,13.115853,80.233636,Anna Nagar,Chennai,Traffic rules violation captured,Resolved,8.5
2025-11-16,21:00,Robbery,22.985994,72.540495,Maninagar,Ahmedabad,Street robbery near public area,Active,11.8
2025-11-18,18:08,Traffic Violation,19.045582,72.862476,Colaba,Mumbai,Traffic rules violation captured,Resolved,6.4
2025-11-27,00:06,Assault,23.006818,72.551280,Bopal,Ahmedabad,Physical altercation between individuals,Active,11.9
2025-11-27,20:15,Traffic Violation,18.503528,73.835102,Hadapsar,Pune,Traffic rules violation captured,Resolved,7.3
2025-11-28,20:35,Assault,23.035013,72.584038,Bopal,Ahmedabad,Physical altercation between individuals,Resolved,11
2025-11-26,20:33,Traffic Violation,17.380433,78.455759,Madhapur,Hyderabad,Traffic rules violation captured,Active,7.7
2025-11-20,01:51,Robbery,28.581707,77.191996,MG Road,Delhi,Street robbery near public area,Active,10.6
2025-11-08,23:55,Assault,28.632213,77.235654,Saket,Delhi,Physical altercation between individuals,Active,10.2
2025-11-21,02:21,Drug Offense,17.407250,78.518946,Hitech City,Hyderabad,Possession or distribution case,Active,8.5
2025-11-09,10:39,Vandalism,18.536753,73.848507,Kothrud,Pune,Damage to public or private property,Closed,8.2
2025-11-29,11:34,Theft,28.644671,77.244397,Connaught Place,Delhi,Theft of personal belongings reported,Active,9.8
2025-11-25,01:12,Assault,13.049408,80.301536,T. Nagar,Chennai,Physical altercation between individuals,Closed,11.2
2025-11-26,10:03,Burglary,22.546552,88.378608,Alipore,Kolkata,Breaking and entering into residential property,Active,8.9
2025-11-07,10:19,Vandalism,19.068990,72.878180,Juhu,Mumbai,Damage to public or private property,Active,7.9
2025-11-22,13:55,Vandalism,18.508512,73.821484,Camp,Pune,Damage to public or private property,Active,9.1
2025-11-05,21:53,Assault,18.526784,73.857425,Camp,Pune,Physical altercation between individuals,Active,11.3
2025-11-15,07:56,Traffic Violation,19.110419,72.854198,Juhu,Mumbai,Traffic rules violation captured,Resolved,7.8
2025-11-11,15:37,Vandalism,28.647912,77.190732,Karol Bagh,Delhi,Damage to public or private property,Active,9.8
2025-11-24,15:32,Burglary,19.050877,72.838332,Thane West,Mumbai,Breaking and entering into residential property,Resolved,6.5
2025-11-09,10:09,Property Crime,12.970319,77.573546,Indiranagar,Bengaluru,Non-violent property related incident,Active,10.1
2025-11-20,13:12,Theft,17.391562,78.518932,Kukatpally,Hyderabad,Theft of personal belongings reported,Resolved,9.3
2025-11-20,00:38,Robbery,12.946519,77.587921,Electronic City,Bengaluru,Street robbery near public area,Active,11.2
2025-11-25,12:17,Theft,28.643693,77.233279,Rohini,Delhi,Theft of personal belongings reported,Resolved,8.2
2025-11-05,00:28,Drug Offense,22.611878,88.402493,Baranagar,Kolkata,Possession or distribution case,Active,8.7
2025-11-30,16:52,Burglary,19.037623,72.886990,Thane West,Mumbai,Breaking and entering into residential property,Active,8.2
2025-11-03,18:54,Traffic Violation,18.541803,73.838955,Hadapsar,Pune,Traffic rules violation captured,Closed,9.1
2025-12-02,13:21,Vandalism,28.610353,77.178134,Hauz Khas,Delhi,Damage to public or private property,Active,9.2
2025-11-23,19:47,Traffic Violation,22.612165,88.353085,Dum Dum,Kolkata,Traffic rules violation captured,Resolved,7
2025-11-08,17:10,Traffic Violation,23.044804,72.587016,Chandkheda,Ahmedabad,Traffic rules violation captured,Active,9.1
2025-11-23,15:03,Property Crime,12.972112,77.557213,Electronic City,Bengaluru,Non-violent property related incident,Active,9.9
2025-11-22,16:15,Property Crime,23.026541,72.572774,Maninagar,Ahmedabad,Non-violent property related incident,Active,10.1
2025-11-16,23:10,Drug Offense,13.110087,80.266643,Tambaram,Chennai,Possession or distribution case,Active,10.9
2025-11-14,13:09,Theft,17.416876,78.520323,Hitech City,Hyderabad,Theft of personal belongings reported,Resolved,7.7
2025-11-14,13:13,Burglary,19.048567,72.913633,Thane West,Mumbai,Breaking and entering into residential property,Resolved,8.3
2025-12-01,20:56,Traffic Violation,18.550790,73.843597,Viman Nagar,Pune,Traffic rules violation captured,Resolved,8.5
2025-11-05,17:13,Traffic Violation,18.487391,73.854268,Kothrud,Pune,Traffic rules violation captured,Resolved,7.3
2025-11-22,07:07,Traffic Violation,12.937850,77.614963,Koramangala,Bengaluru,Traffic rules violation captured,Closed,7.8
2025-11-30,20:48,Traffic Violation,23.004167,72.541922,Ellis Bridge,Ahmedabad,Traffic rules violation captured,Closed,7.9
2025-11-19,20:30,Traffic Violation,18.528046,73.847237,PCMC,Pune,Traffic rules violation captured,Resolved,7.8
2025-11-12,22:17,Assault,19.036444,72.857398,Dadar,Mumbai,Physical altercation between individuals,Resolved,8.1
2025-11-05,11:11,Property Crime,18.525165,73.890143,Baner,Pune,Non-violent property related incident,Active,9.5
2025-11-09,21:24,Robbery,13.120582,80.263877,Anna Nagar,Chennai,Street robbery near public area,Active,10
2025-11-11,20:45,Traffic Violation,18.546556,73.830978,Koregaon Park,Pune,Traffic rules violation captured,Active,10.5
2025-11-08,15:42,Property Crime,12.990660,77.628412,MG Road,Bengaluru,Non-violent property related incident,Active,8.6
2025-11-14,21:23,Robbery,17.388413,78.508175,Gachibowli,Hyderabad,Street robbery near public area,Active,11.3
2025-11-13,10:16,Theft,22.605448,88.369046,Park Street,Kolkata,Theft of personal belongings reported,Active,10.4
2025-12-01,08:30,Traffic Violation,13.050503,80.256981,Anna Nagar,Chennai,Traffic rules violation captured,Resolved,6.8
2025-11-22,02:38,Drug Offense,18.499544,73.857595,Hadapsar,Pune,Possession or distribution case,Active,9.4
2025-11-28,10:50,Theft,28.604399,77.216747,Noida Sector 18,Delhi,Theft of personal belongings reported,Resolved,7.5
2025-11-20,16:05,Property Crime,22.589554,88.350234,New Market,Kolkata,Non-violent property related incident,Closed,8.4
2025-11-16,09:57,Traffic Violation,17.398157,78.522629,Charminar,Hyderabad,Traffic rules violation captured,Resolved,6.4
2025-11-15,22:44,Robbery,28.595338,77.230526,Saket,Delhi,Street robbery near public area,Active,9.9
2025-11-09,20:28,Traffic Violation,28.600662,77.193540,MG Road,Delhi,Traffic rules violation captured,Closed,7
2025-11-29,23:45,Drug Offense,23.017620,72.581805,Ellis Bridge,Ahmedabad,Possession or distribution case,Closed,8.2
2025-11-23,14:19,Vandalism,17.406607,78.494596,Madhapur,Hyderabad,Damage to public or private property,Resolved,8.9
2025-11-26,15:40,Property Crime,28.583778,77.178161,Saket,Delhi,Non-violent property related incident,Active,10.5
2025-11-26,14:46,Theft,19.099483,72.886650,Marine Drive,Mumbai,Theft of personal belongings reported,Resolved,8.8
2025-11-28,12:05,Burglary,28.644329,77.182439,Noida Sector 18,Delhi,Breaking and entering into residential property,Active,8.5
2025-11-22,23:35,Drug Offense,23.020283,72.596064,Sabarmati,Ahmedabad,Possession or distribution case,Active,9.4
2025-11-19,17:18,Traffic Violation,22.991956,72.532704,Ellis Bridge,Ahmedabad,Traffic rules violation captured,Active,8.8
2025-11-15,23:33,Robbery,19.049016,72.872078,Marine Drive,Mumbai,Street robbery near public area,Active,10.1
2025-11-06,23:30,Drug Offense,17.365809,78.494700,Gachibowli,Hyderabad,Possession or distribution case,Active,10.2
2025-11-24,19:06,Traffic Violation,13.058875,80.251541,Egmore,Chennai,Traffic rules violation captured,Resolved,7.1
2025-11-12,11:14,Burglary,18.491237,73.839573,Hadapsar,Pune,Breaking and entering into residential property,Active,9.4
2025-11-19,07:41,Traffic Violation,19.088201,72.857499,Borivali,Mumbai,Traffic rules violation captured,Active,7.3
2025-11-12,14:24,Vandalism,22.559270,88.345008,Ballygunge,Kolkata,Damage to public or private property,Active,10.1
2025-11-05,17:40,Traffic Violation,19.037351,72.888304,Thane West,Mumbai,Traffic rules violation captured,Resolved,6.6
2025-11-12,13:54,Property Crime,22.609507,88.347585,Park Street,Kolkata,Non-violent property related incident,Active,10.7
2025-11-09,21:01,Drug Offense,19.045752,72.852361,Thane West,Mumbai,Possession or distribution case,Active,8.6
2025-11-25,23:38,Assault,23.031988,72.572863,Chandkheda,Ahmedabad,Physical altercation between individuals,Resolved,11
2025-11-09,17:07,Traffic Violation,12.996004,77.561612,Koramangala,Bengaluru,Traffic rules violation captured,Resolved,7.1
2025-11-23,17:26,Traffic Violation,17.368474,78.521689,Necklace Road,Hyderabad,Traffic rules violation captured,Active,8
2025-11-05,14:08,Property Crime,12.955252,77.610992,MG Road,Bengaluru,Non-violent property related incident,Active,9.6
2025-11-11,20:52,Traffic Violation,23.046174,72.588667,SG Highway,Ahmedabad,Traffic rules violation captured,Closed,9
2025-11-11,16:50,Vandalism,18.520450,73.831378,Koregaon Park,Pune,Damage to public or private property,Active,11.5
2025-11-11,21:45,Drug Offense,19.067185,72.888008,Dadar,Mumbai,Possession or distribution case,Active,7.6
2025-11-03,10:36,Theft,12.946148,77.628505,Whitefield,Bengaluru,Theft of personal belongings reported,Active,10.3
2025-11-20,17:02,Traffic Violation,12.970867,77.616955,MG Road,Bengaluru,Traffic rules violation captured,Resolved,6.5
2025-11-27,20:49,Assault,28.584424,77.200418,Connaught Place,Delhi,Physical altercation between individuals,Active,10.9
2025-11-27,09:24,Traffic Violation,13.002488,77.556784,Whitefield,Bengaluru,Traffic rules violation captured,Active,7.7
2025-12-01,11:47,Theft,12.946157,77.568370,Indiranagar,Bengaluru,Theft of personal belongings reported,Active,10.3
2025-11-22,01:25,Robbery,18.527237,73.826504,Camp,Pune,Street robbery near public area,Closed,9.8
2025-11-12,22:11,Robbery,28.580893,77.223238,Rohini,Delhi,Street robbery near public area,Active,10
2025-11-06,23:00,Robbery,19.036477,72.869537,Dadar,Mumbai,Street robbery near public area,Active,9.6
2025-11-16,13:46,Property Crime,17.421572,78.498161,Secunderabad,Hyderabad,Non-violent property related incident,Active,9.6
2025-11-22,09:38,Traffic Violation,18.496087,73.839600,Hadapsar,Pune,Traffic rules violation captured,Closed,7.9
2025-11-15,16:16,Theft,23.009469,72.569876,Vastrapur,Ahmedabad,Theft of personal belongings reported,Closed,9.1
2025-11-23,11:32,Burglary,22.541905,88.353089,Alipore,Kolkata,Breaking and entering into residential property,Resolved,7.8
2025-11-10,07:44,Traffic Violation,23.036269,72.578017,Ellis Bridge,Ahmedabad,Traffic rules violation captured,Resolved,7.3
2025-11-29,10:31,Property Crime,18.529478,73.891016,Baner,Pune,Non-violent property related incident,Resolved,9.9
2025-11-29,16:31,Vandalism,23.041684,72.592157,Navrangpura,Ahmedabad,Damage to public or private property,Resolved,8.6
2025-11-06,08:52,Traffic Violation,12.945046,77.559899,Electronic City,Bengaluru,Traffic rules violation captured,Active,8.5
2025-11-04,20:56,Traffic Violation,17.400055,78.486166,Charminar,Hyderabad,Traffic rules violation captured,Resolved,6.1
2025-11-19,01:53,Assault,18.520966,73.881673,Camp,Pune,Physical altercation between individuals,Closed,9.9
2025-11-13,19:53,Traffic Violation,22.569311,88.384454,Baranagar,Kolkata,Traffic rules violation captured,Resolved,6.8
2025-11-10,00:23,Drug Offense,28.645105,77.176542,Connaught Place,Delhi,Possession or distribution case,Active,8.5
2025-11-06,20:34,Traffic Violation,22.599105,88.345598,Alipore,Kolkata,Traffic rules violation captured,Active,8.4
2025-11-21,09:10,Traffic Violation,28.648747,77.184728,Dwarka,Delhi,Traffic rules violation captured,Resolved,7.8
2025-11-27,16:52,Property Crime,22.567122,88.327295,Park Street,Kolkata,Non-violent property related incident,Resolved,9.4
2025-11-19,02:33,Drug Offense,18.487802,73.882320,Baner,Pune,Possession or distribution case,Active,11.5
2025-11-21,11:34,Burglary,23.011884,72.578947,Ellis Bridge,Ahmedabad,Breaking and entering into residential property,Closed,7.8
2025-11-29,07:22,Traffic Violation,22.585467,88.346568,Salt Lake,Kolkata,Traffic rules violation captured,Active,8.9
2025-11-08,17:00,Traffic Violation,28.580228,77.201825,Dwarka,Delhi,Traffic rules violation captured,Active,7.3
2025-11-09,20:12,Traffic Violation,22.546072,88.373368,New Market,Kolkata,Traffic rules violation captured,Closed,8
2025-11-30,14:23,Theft,13.043878,80.259034,T. Nagar,Chennai,Theft of personal belongings reported,Active,10.3
2025-11-26,20:25,Traffic Violation,13.067088,80.255119,Adyar,Chennai,Traffic rules violation captured,Active,9.6
2025-11-13,12:43,Burglary,17.357248,78.476873,Kukatpally,Hyderabad,Breaking and entering into residential property,Active,10.7
2025-11-30,13:56,Theft,12.948001,77.555039,HSR Layout,Bengaluru,Theft of personal belongings reported,Active,9.2
2025-11-09,22:01,Robbery,13.082301,80.310640,Adyar,Chennai,Street robbery near public area,Active,12.4
2025-11-21,02:54,Drug Offense,28.578354,77.206295,Saket,Delhi,Possession or distribution case,Resolved,7.4
2025-11-29,19:40,Traffic Violation,17.419483,78.493311,Secunderabad,Hyderabad,Traffic rules violation captured,Resolved,6.9
2025-11-19,15:41,Theft,17.411363,78.495085,Madhapur,Hyderabad,Theft of personal belongings reported,Closed,8.6
2025-11-15,15:32,Theft,18.540922,73.854014,Shivajinagar,Pune,Theft of personal belongings reported,Resolved,8.4
2025-11-23,20:53,Traffic Violation,22.611950,88.350936,Alipore,Kolkata,Traffic rules violation captured,Closed,8
2025-11-20,12:19,Theft,12.990752,77.625259,HSR Layout,Bengaluru,Theft of personal belongings reported,Active,8.9
2025-11-21,21:52,Drug Offense,19.085721,72.913309,Borivali,Mumbai,Possession or distribution case,Closed,7.5
2025-12-01,10:27,Vandalism,22.989281,72.609540,Ellis Bridge,Ahmedabad,Damage to public or private property,Active,11.1
2025-11-21,18:52,Traffic Violation,19.097819,72.843557,Marine Drive,Mumbai,Traffic rules violation captured,Active,7.5
2025-11-25,00:32,Drug Offense,23.012128,72.573559,Navrangpura,Ahmedabad,Possession or distribution case,Active,10.9
2025-11-06,13:46,Property Crime,18.535180,73.882310,Kothrud,Pune,Non-violent property related incident,Active,9.7
2025-12-02,14:10,Vandalism,18.502296,73.882968,Viman Nagar,Pune,Damage to public or private property,Active,10.1
2025-11-21,16:28,Property Crime,22.538999,88.347479,New Market,Kolkata,Non-violent property related incident,Active,10.3
2025-11-05,08:32,Traffic Violation,17.421552,78.490719,Kukatpally,Hyderabad,Traffic rules violation captured,Active,9.2
2025-11-13,22:19,Robbery,13.109716,80.273622,Velachery,Chennai,Street robbery near public area,Active,10.5
2025-11-04,13:59,Theft,13.087683,80.300460,T. Nagar,Chennai,Theft of personal belongings reported,Active,8.8
2025-11-15,11:06,Burglary,23.046338,72.577114,Ellis Bridge,Ahmedabad,Breaking and entering into residential property,Resolved,8.9
2025-11-28,01:37,Drug Offense,18.492238,73.864055,Camp,Pune,Possession or distribution case,Resolved,9.9
2025-11-10,12:18,Vandalism,12.961816,77.557829,HSR Layout,Bengaluru,Damage to public or private property,Active,10
2025-11-28,11:52,Vandalism,22.592262,88.329922,Ballygunge,Kolkata,Damage to public or private property,Active,10.4
2025-11-28,14:02,Property Crime,18.556891,73.887077,Shivajinagar,Pune,Non-violent property related incident,Active,11.2
2025-11-29,23:30,Assault,17.362096,78.511691,Kukatpally,Hyderabad,Physical altercation between individuals,Active,11.8
2025-11-29,10:39,Burglary,13.056969,80.279745,T. Nagar,Chennai,Breaking and entering into residential property,Active,10.5
2025-11-29,13:43,Theft,18.495084,73.846892,Camp,Pune,Theft of personal belongings reported,Resolved,9.5
2025-11-11,20:08,Traffic Violation,23.016679,72.586626,SG Highway,Ahmedabad,Traffic rules violation captured,Active,8.5
2025-11-20,22:20,Drug Offense,17.398098,78.521511,Hitech City,Hyderabad,Possession or distribution case,Closed,7.6
2025-11-25,13:31,Vandalism,17.350129,78.519220,Charminar,Hyderabad,Damage to public or private property,Active,8.4
2025-12-02,20:50,Traffic Violation,19.064439,72.894455,Marine Drive,Mumbai,Traffic rules violation captured,Active,6.7
2025-11-22,19:59,Traffic Violation,28.600902,77.229662,MG Road,Delhi,Traffic rules violation captured,Closed,7.7
2025-11-09,08:02,Traffic Violation,13.085399,80.307095,Adyar,Chennai,Traffic rules violation captured,Resolved,7.8
2025-11-14,01:06,Drug Offense,22.578578,88.370714,Salt Lake,Kolkata,Possession or distribution case,Resolved,7.2
2025-11-30,07:20,Traffic Violation,17.400404,78.485413,Kukatpally,Hyderabad,Traffic rules violation captured,Resolved,6.8
2025-11-29,19:42,Traffic Violation,18.485440,73.825970,Kothrud,Pune,Traffic rules violation captured,Resolved,8.5
2025-11-16,09:03,Traffic Violation,13.109464,80.302911,Velachery,Chennai,Traffic rules violation captured,Resolved,8.8
2025-12-02,20:40,Traffic Violation,17.345591,78.470917,Necklace Road,Hyderabad,Traffic rules violation captured,Active,9.4
2025-11-30,12:33,Theft,22.600939,88.338597,Salt Lake,Kolkata,Theft of personal belongings reported,Resolved,7.8
2025-11-06,09:32,Traffic Violation,28.590593,77.233321,Saket,Delhi,Traffic rules violation captured,Resolved,6.3
2025-11-08,12:44,Property Crime,18.523089,73.857037,Baner,Pune,Non-violent property related incident,Active,10.1
2025-11-09,21:53,Robbery,23.054591,72.571483,Vastrapur,Ahmedabad,Street robbery near public area,Active,11.8
2025-11-08,09:51,Traffic Violation,18.507090,73.865366,Hadapsar,Pune,Traffic rules violation captured,Closed,8.4
2025-11-08,00:22,Assault,17.365657,78.455947,Charminar,Hyderabad,Physical altercation between individuals,Closed,10.5
2025-11-07,21:39,Drug Offense,13.053405,80.308670,Egmore,Chennai,Possession or distribution case,Resolved,8
2025-11-21,13:52,Property Crime,18.507826,73.817458,Koregaon Park,Pune,Non-violent property related incident,Active,9.9
2025-12-01,13:16,Theft,18.502353,73.881768,Koregaon Park,Pune,Theft of personal belongings reported,Active,10.6
2025-11-13,22:24,Drug Offense,13.092279,80.234759,Egmore,Chennai,Possession or distribution case,Active,9.6
2025-12-01,16:14,Burglary,13.044589,80.288191,Velachery,Chennai,Breaking and entering into residential property,Active,10.8
2025-11-06,12:02,Vandalism,13.110879,80.232456,Velachery,Chennai,Damage to public or private property,Resolved,9.8
2025-11-10,08:36,Traffic Violation,22.987125,72.532258,Ellis Bridge,Ahmedabad,Traffic rules violation captured,Resolved,7.9
2025-11-19,18:52,Traffic Violation,22.595701,88.385380,Howrah,Kolkata,Traffic rules violation captured,Resolved,6.6
2025-11-05,08:08,Traffic Violation,22.995785,72.600035,Navrangpura,Ahmedabad,Traffic rules violation captured,Active,10.2
2025-11-10,14:12,Burglary,17.399455,78.523979,Madhapur,Hyderabad,Breaking and entering into residential property,Active,8.3
2025-11-23,01:53,Robbery,13.109338,80.305761,Guindy,Chennai,Street robbery near public area,Active,10.7
2025-11-18,23:22,Assault,19.082621,72.889421,Thane West,Mumbai,Physical altercation between individuals,Active,9
2025-11-13,14:39,Theft,12.956987,77.572174,HSR Layout,Bengaluru,Theft of personal belongings reported,Resolved,9
2025-11-09,10:01,Burglary,19.063161,72.874954,Borivali,Mumbai,Breaking and entering into residential property,Resolved,7.7
2025-11-25,14:06,Theft,13.046816,80.263533,Guindy,Chennai,Theft of personal belongings reported,Resolved,8.3
2025-11-12,00:50,Drug Offense,28.613860,77.180669,Saket,Delhi,Possession or distribution case,Active,8.8
2025-11-13,23:32,Assault,18.508374,73.847802,Shivajinagar,Pune,Physical altercation between individuals,Closed,11.4
2025-11-24,01:34,Robbery,22.987331,72.609056,Vastrapur,Ahmedabad,Street robbery near public area,Active,11.5
2025-11-15,16:57,Property Crime,22.600813,88.340088,Howrah,Kolkata,Non-violent property related incident,Resolved,8
2025-11-05,20:48,Assault,18.495049,73.885516,Hadapsar,Pune,Physical altercation between individuals,Resolved,9.5
2025-11-24,13:26,Theft,22.552163,88.342227,Dum Dum,Kolkata,Theft of personal belongings reported,Resolved,8.5
2025-11-22,11:34,Property Crime,19.114850,72.914698,Dadar,Mumbai,Non-violent property related incident,Closed,7.8
2025-11-05,23:09,Assault,22.598324,88.368668,Alipore,Kolkata,Physical altercation between individuals,Active,9.8
2025-11-21,09:16,Traffic Violation,22.601777,88.358533,Dum Dum,Kolkata,Traffic rules violation captured,Resolved,7.1
2025-11-09,01:17,Assault,28.614210,77.195656,Saket,Delhi,Physical altercation between individuals,Active,11.4
2025-11-18,18:24,Traffic Violation,17.362563,78.505101,Hitech City,Hyderabad,Traffic rules violation captured,Resolved,7.5
2025-11-16,21:16,Robbery,28.628847,77.238995,Noida Sector 18,Delhi,Street robbery near public area,Active,11.2
2025-11-14,16:23,Vandalism,19.037207,72.874089,BKC,Mumbai,Damage to public or private property,Resolved,6.4
2025-11-30,18:02,Traffic Violation,18.519143,73.878470,Shivajinagar,Pune,Traffic rules violation captured,Closed,7.6
2025-11-15,11:59,Property Crime,23.028575,72.599239,Chandkheda,Ahmedabad,Non-violent property related incident,Closed,9
2025-11-15,10:21,Burglary,12.963695,77.569241,Whitefield,Bengaluru,Breaking and entering into residential property,Active,8.9
2025-11-08,22:37,Assault,18.550724,73.818112,Hadapsar,Pune,Physical altercation between individuals,Active,11.8
2025-11-22,13:05,Burglary,22.571957,88.377497,Ballygunge,Kolkata,Breaking and entering into residential property,Resolved,9.1
2025-11-25,22:03,Robbery,17.405434,78.451275,Madhapur,Hyderabad,Street robbery near public area,Active,9.5
2025-11-21,10:41,Theft,13.095075,80.274587,T. Nagar,Chennai,Theft of personal belongings reported,Resolved,8.6
2025-11-24,00:32,Drug Offense,18.518748,73.889160,Viman Nagar,Pune,Possession or distribution case,Active,10.2
2025-12-02,14:24,Vandalism,13.117020,80.279524,Tambaram,Chennai,Damage to public or private property,Active,8.8
2025-11-11,09:54,Traffic Violation,22.594431,88.332228,Dum Dum,Kolkata,Traffic rules violation captured,Closed,8.2
2025-11-30,20:17,Traffic Violation,13.087572,80.264162,Anna Nagar,Chennai,Traffic rules violation captured,Resolved,7.4
2025-11-20,18:35,Traffic Violation,23.013943,72.583638,Navrangpura,Ahmedabad,Traffic rules violation captured,Closed,9.1
2025-11-07,07:59,Traffic Violation,28.578137,77.174719,Dwarka,Delhi,Traffic rules violation captured,Resolved,6.1
2025-11-29,08:13,Traffic Violation,13.118579,80.270070,Guindy,Chennai,Traffic rules violation captured,Resolved,6.7
2025-11-13,07:05,Traffic Violation,13.097573,80.240510,Tambaram,Chennai,Traffic rules violation captured,Resolved,6.7
2025-11-17,00:48,Assault,17.354406,78.472406,Gachibowli,Hyderabad,Physical altercation between individuals,Active,9.6
2025-11-10,01:23,Drug Offense,12.999223,77.633581,Malleshwaram,Bengaluru,Possession or distribution case,Active,10.3
2025-11-29,13:02,Property Crime,28.575109,77.201935,Hauz Khas,Delhi,Non-violent property related incident,Resolved,9
2025-11-25,17:14,Traffic Violation,23.034161,72.564968,Vastrapur,Ahmedabad,Traffic rules violation captured,Closed,6.8
2025-11-18,10:27,Theft,19.071735,72.902612,Marine Drive,Mumbai,Theft of personal belongings reported,Active,9.3
2025-11-15,21:11,Assault,22.533707,88.355840,Park Street,Kolkata,Physical altercation between individuals,Active,11.7
2025-11-05,00:15,Drug Offense,22.997753,72.574494,Maninagar,Ahmedabad,Possession or distribution case,Active,10.5
2025-11-17,16:50,Theft,18.537756,73.882057,Koregaon Park,Pune,Theft of personal belongings reported,Active,11.4
2025-11-18,09:16,Traffic Violation,12.976850,77.599986,MG Road,Bengaluru,Traffic rules violation captured,Active,8.8
2025-11-10,10:56,Theft,22.577188,88.368065,Howrah,Kolkata,Theft of personal belongings reported,Active,8.8
2025-11-30,09:55,Traffic Violation,13.054661,80.244451,Guindy,Chennai,Traffic rules violation captured,Active,8.8
2025-11-28,16:38,Burglary,19.108251,72.879404,Thane West,Mumbai,Breaking and entering into residential property,Active,8.9
2025-11-14,22:38,Robbery,12.947635,77.575744,MG Road,Bengaluru,Street robbery near public area,Resolved,10
2025-11-11,09:22,Traffic Violation,22.606281,88.383153,Salt Lake,Kolkata,Traffic rules violation captured,Active,9.6
2025-11-26,23:28,Assault,17.422871,78.491197,Secunderabad,Hyderabad,Physical altercation between individuals,Closed,10.3
2025-11-15,13:57,Burglary,12.933854,77.573596,Indiranagar,Bengaluru,Breaking and entering into residential property,Resolved,7.8
2025-11-28,19:05,Traffic Violation,22.586712,88.398749,New Market,Kolkata,Traffic rules violation captured,Active,8.6
2025-11-24,16:06,Theft,18.551502,73.837725,Baner,Pune,Theft of personal belongings reported,Active,11.1
2025-11-06,08:09,Traffic Violation,19.061866,72.855935,Marine Drive,Mumbai,Traffic rules violation captured,Active,7.4
2025-11-24,11:31,Property Crime,22.564781,88.362418,Baranagar,Kolkata,Non-violent property related incident,Resolved,9.3
2025-11-27,15:17,Property Crime,13.076901,80.259837,Adyar,Chennai,Non-violent property related incident,Active,9.6
2025-11-05,21:28,Robbery,13.089591,80.308993,T. Nagar,Chennai,Street robbery near public area,Active,12.1
2025-11-19,08:25,Traffic Violation,28.586422,77.196219,Rohini,Delhi,Traffic rules violation captured,Closed,8.2
2025-11-27,23:09,Robbery,23.039926,72.553153,SG Highway,Ahmedabad,Street robbery near public area,Active,11.7
2025-11-06,19:33,Traffic Violation,12.960743,77.610743,Malleshwaram,Bengaluru,Traffic rules violation captured,Active,8.3
2025-11-04,16:31,Vandalism,18.488868,73.863198,Kothrud,Pune,Damage to public or private property,Resolved,7.9
2025-11-04,00:17,Drug Offense,12.934771,77.571856,HSR Layout,Bengaluru,Possession or distribution case,Active,10.2
2025-11-27,01:43,Assault,18.494586,73.827819,Kothrud,Pune,Physical altercation between individuals,Active,12.6
2025-11-22,16:15,Theft,19.082245,72.897123,Thane West,Mumbai,Theft of personal belongings reported,Active,7.9
2025-11-07,12:44,Burglary,17.356228,78.471541,Hitech City,Hyderabad,Breaking and entering into residential property,Resolved,8.8
2025-11-25,21:55,Robbery,18.559355,73.856709,Camp,Pune,Street robbery near public area,Active,11.5
2025-11-04,15:16,Vandalism,13.082986,80.265996,Anna Nagar,Chennai,Damage to public or private property,Resolved,8.8
2025-11-24,22:17,Drug Offense,28.623022,77.192331,Hauz Khas,Delhi,Possession or distribution case,Active,9.9
2025-11-27,18:56,Traffic Violation,22.987093,72.573733,Sabarmati,Ahmedabad,Traffic rules violation captured,Resolved,7.7
2025-12-01,00:34,Assault,17.347036,78.507025,Kukatpally,Hyderabad,Physical altercation between individuals,Resolved,9.3
2025-11-24,16:07,Property Crime,22.995607,72.606022,Navrangpura,Ahmedabad,Non-violent property related incident,Closed,8.5
2025-11-17,21:17,Assault,22.577243,88.376483,Baranagar,Kolkata,Physical altercation between individuals,Active,10
2025-11-23,14:08,Vandalism,18.531752,73.840893,Kothrud,Pune,Damage to public or private property,Active,10.3
2025-11-10,12:37,Theft,28.595660,77.199853,Hauz Khas,Delhi,Theft of personal belongings reported,Active,8.3
2025-11-08,10:56,Theft,22.570263,88.400525,New Market,Kolkata,Theft of personal belongings reported,Active,9.9
2025-11-23,12:21,Vandalism,13.086170,80.283821,Anna Nagar,Chennai,Damage to public or private property,Active,9.5
2025-11-23,22:20,Robbery,17.413384,78.474958,Gachibowli,Hyderabad,Street robbery near public area,Active,10.1
2025-11-26,07:54,Traffic Violation,22.565530,88.372081,Dum Dum,Kolkata,Traffic rules violation captured,Resolved,6.4
2025-11-18,00:41,Robbery,12.965581,77.573288,HSR Layout,Bengaluru,Street robbery near public area,Active,11.6
2025-11-05,13:03,Theft,18.497891,73.821256,Camp,Pune,Theft of personal belongings reported,Resolved,9.2
2025-12-01,17:40,Traffic Violation,22.605846,88.366146,Salt Lake,Kolkata,Traffic rules violation captured,Active,9.7
2025-12-01,10:05,Theft,23.005239,72.585180,Maninagar,Ahmedabad,Theft of personal belongings reported,Resolved,9.2
2025-11-10,16:08,Property Crime,28.616942,77.210242,Rohini,Delhi,Non-violent property related incident,Closed,8.3
2025-11-15,10:25,Burglary,19.106868,72.841780,Thane West,Mumbai,Breaking and entering into residential property,Active,7.9
2025-11-23,00:11,Drug Offense,12.990674,77.599326,Whitefield,Bengaluru,Possession or distribution case,Active,11
2025-11-13,18:24,Traffic Violation,22.601332,88.373853,Alipore,Kolkata,Traffic rules violation captured,Active,9.6
2025-11-28,17:30,Traffic Violation,17.360640,78.494428,Madhapur,Hyderabad,Traffic rules violation captured,Resolved,6.4
2025-12-02,12:04,Property Crime,19.045894,72.840963,Juhu,Mumbai,Non-violent property related incident,Active,9.4
2025-11-12,21:42,Assault,13.059632,80.300825,Egmore,Chennai,Physical altercation between individuals,Active,11.7
2025-11-03,12:21,Theft,19.057704,72.847139,Dadar,Mumbai,Theft of personal belongings reported,Active,7.7
2025-11-04,11:10,Theft,18.501879,73.840892,Koregaon Park,Pune,Theft of personal belongings reported,Active,11.4
2025-11-22,16:07,Theft,22.607714,88.367391,Ballygunge,Kolkata,Theft of personal belongings reported,Resolved,7.4